DROP TABLE IF EXISTS Disease_Type cascade ;
DROP TABLE IF EXISTS Diseased_Patient cascade ;
DROP TABLE IF EXISTS Disease cascade;
DROP TABLE IF EXISTS location cascade;
DROP TABLE IF EXISTS Medicine cascade;
DROP TABLE IF EXISTS outcome cascade;
Drop table if exists indication cascade;
Drop table if exists Profit cascade;

--------------------------------------------------------------------------------------------------------------------------
-- Create Disease Type Table
--------------------------------------------------------------------------------------------------------------------------

CREATE TABLE Disease_Type (
    Disease_Type_Code CHAR(5) PRIMARY KEY,
    Disease_Type_Description VARCHAR(1000),
    Exclusions_Other_Note_Text VARCHAR(2000)
);

--------------------------------------------------------------------------------------------------------------------------
-- Fill Disease Type Table
--------------------------------------------------------------------------------------------------------------------------

INSERT INTO Disease_Type (Disease_Type_Code, Disease_Type_Description, Exclusions_Other_Note_Text)
VALUES
('DT01', 'Cardiovascular Diseases', 'Includes conditions affecting the heart and blood vessels, such as ischemic heart disease and stroke.'),
('DT02', 'Respiratory Diseases', 'Covers diseases affecting the lungs and airways, including pneumonia, bronchitis, and tuberculosis.'),
('DT03', 'Cancers', 'Includes malignant growths such as lung cancer.'),
('DT04', 'Metabolic Diseases', 'Covers disorders affecting metabolism, such as type 2 diabetes.'),
('DT05', 'Neurological Diseases', 'Includes disorders affecting the brain and nervous system, such as Alzheimer''s disease.'),
('DT06', 'Infectious Diseases', 'Covers diseases caused by infections, including cholera and COVID-19.');
--------------------------------------------------------------------------------------------------------------------------
-- Create Disease Table
--------------------------------------------------------------------------------------------------------------------------

CREATE TABLE Disease (
    Disease_ID SERIAL PRIMARY KEY,
    Disease_Name VARCHAR(100),
    Intensity_Level_Qty INT DEFAULT 1,
    Disease_Type_Code CHAR(10),
    CONSTRAINT fk_Disease_Type_Disease FOREIGN KEY (Disease_Type_Code) REFERENCES Disease_Type(Disease_Type_Code) ON UPDATE CASCADE
);
--------------------------------------------------------------------------------------------------------------------------
-- Fill Disease Table
--------------------------------------------------------------------------------------------------------------------------

INSERT INTO Disease (Disease_Name, Intensity_Level_Qty, Disease_Type_Code)
VALUES
('Ischemic Heart Disease', 10, 'DT01' ),       -- Cardiovascular
('Hemorrhagic Stroke', 9, 'DT01' ),            -- Cardiovascular
('Pneumonia', 8, 'DT02' ),                     -- Respiratory
('Chronic Bronchitis', 9, 'DT02' ),            -- Respiratory
('Lung Cancer', 10, 'DT03' ),                  -- Cancer
('Pulmonary Tuberculosis', 9, 'DT02' ),        -- Respiratory
('Type 2 Diabetes', 8, 'DT04' ),               -- Metabolic
('Alzheimer''s Disease', 9, 'DT05' ),          -- Neurological
('Cholera', 7, 'DT06' ),                       -- Infectious
('COVID-19', 7, 'DT06' );                     -- Infectious

--------------------------------------------------------------------------------------------------------------------------
-- Create Medicine Table
--------------------------------------------------------------------------------------------------------------------------

CREATE TABLE Medicine (
    Medicine_ID SERIAL PRIMARY KEY,
    Standard_Industry_Number VARCHAR(25),
    Name VARCHAR(250),
    Company VARCHAR(150),
    Active_Ingredient_Name VARCHAR(150)
);
--------------------------------------------------------------------------------------------------------------------------
-- Fill Medicine Table
--------------------------------------------------------------------------------------------------------------------------


INSERT INTO Medicine (Standard_Industry_Number, Name, Company, Active_Ingredient_Name)
VALUES
-- Medications for Hypertension (Active Ingredient: Enalapril)
('SIN10051', 'ACE-Hypertenol', 'PharmaCorp', 'Enalapril'),
('SIN10052', 'HyperBloc', 'MediHealth', 'Enalapril'),

-- Medications for Pain Relief (Active Ingredient: Naproxen)
('SIN10053', 'PainReliefMax', 'PharmaCorp', 'Naproxen'),
('SIN10054', 'PainAway', 'MediHealth', 'Naproxen'),

-- Medications for High Cholesterol (Active Ingredient: Atorvastatin)

('SIN10056', 'LipidControl', 'MediHealth', 'Atorvastatin'),

-- Medications for Allergies (Active Ingredient: Loratadine)
('SIN10057', 'AllergyRelief', 'PharmaCorp', 'Loratadine'),
('SIN10058', 'AllerStop', 'MediHealth', 'Loratadine'),

-- Medications for Acid Reflux (Active Ingredient: Pantoprazole)
('SIN10059', 'AcidEase', 'PharmaCorp', 'Pantoprazole'),
('SIN10060', 'RefluxRelief', 'MediHealth', 'Pantoprazole'),

-- Medications for Asthma (Active Ingredient: Salbutamol)
('SIN10061', 'AsthmaCare', 'PharmaCorp', 'Salbutamol'),
('SIN10062', 'BreathEasy', 'MediHealth', 'Salbutamol'),

-- Medications for Ischemic Heart Disease
('SIN10001', 'Atorvastatin', 'PharmaCorp', 'Atorvastatin'),
('SIN10002', 'Aspirin', 'MediHealth', 'Aspirin'),
('SIN10003', 'Nitroglycerin', 'CureIt Pharmaceuticals', 'Nitroglycerin'),
('SIN10004', 'Metoprolol', 'BioMed Solutions', 'Metoprolol'),
('SIN10005', 'Ramipril', 'Wellness Labs', 'Ramipril'),

-- Medications for Hemorrhagic Stroke
('SIN10006', 'Warfarin', 'HealWell Inc.', 'Warfarin'),
('SIN10007', 'Dabigatran', 'LifeCure', 'Dabigatran'),
('SIN10008', 'Rivaroxaban', 'HealthGenix', 'Rivaroxaban'),
('SIN10009', 'Apixaban', 'NovaMedicines', 'Apixaban'),
('SIN10010', 'Clopidogrel', 'Medivance', 'Clopidogrel'),

-- Medications for Pneumonia
('SIN10011', 'Amoxicillin', 'PharmaCorp', 'Amoxicillin'),
('SIN10012', 'Azithromycin', 'MediHealth', 'Azithromycin'),
('SIN10013', 'Ceftriaxone', 'BioMed Solutions', 'Ceftriaxone'),
('SIN10014', 'Levofloxacin', 'Wellness Labs', 'Levofloxacin'),
('SIN10015', 'Doxycycline', 'CureIt Pharmaceuticals', 'Doxycycline'),

-- Medications for Chronic Bronchitis
('SIN10016', 'Salbutamol', 'HealthGenix', 'Salbutamol'),
('SIN10017', 'Ipratropium', 'NovaMedicines', 'Ipratropium'),
('SIN10018', 'Prednisolone', 'Medivance', 'Prednisolone'),
('SIN10019', 'Theophylline', 'PharmaCorp', 'Theophylline'),
('SIN10020', 'Budesonide', 'MediHealth', 'Budesonide'),

-- Medications for Lung Cancer
('SIN10021', 'Cisplatin', 'BioMed Solutions', 'Cisplatin'),
('SIN10022', 'Erlotinib', 'CureIt Pharmaceuticals', 'Erlotinib'),
('SIN10023', 'Gefitinib', 'NovaMedicines', 'Gefitinib'),
('SIN10024', 'Paclitaxel', 'LifeCure', 'Paclitaxel'),
('SIN10025', 'Carboplatin', 'Medivance', 'Carboplatin'),

-- Medications for Pulmonary Tuberculosis
('SIN10026', 'Isoniazid', 'HealthGenix', 'Isoniazid'),
('SIN10027', 'Rifampicin', 'NovaMedicines', 'Rifampicin'),
('SIN10028', 'Ethambutol', 'PharmaCorp', 'Ethambutol'),
('SIN10029', 'Pyrazinamide', 'MediHealth', 'Pyrazinamide'),
('SIN10030', 'Streptomycin', 'BioMed Solutions', 'Streptomycin'),

-- Medications for Type 2 Diabetes
('SIN10031', 'Metformin', 'CureIt Pharmaceuticals', 'Metformin'),
('SIN10032', 'Glipizide', 'LifeCure', 'Glipizide'),
('SIN10033', 'Pioglitazone', 'Wellness Labs', 'Pioglitazone'),
('SIN10034', 'Sitagliptin', 'HealthGenix', 'Sitagliptin'),
('SIN10035', 'Insulin Glargine', 'NovaMedicines', 'Insulin Glargine'),

-- Medications for Alzheimer's Disease
('SIN10036', 'Donepezil', 'PharmaCorp', 'Donepezil'),
('SIN10037', 'Rivastigmine', 'MediHealth', 'Rivastigmine'),
('SIN10038', 'Memantine', 'BioMed Solutions', 'Memantine'),
('SIN10039', 'Galantamine', 'CureIt Pharmaceuticals', 'Galantamine'),
('SIN10040', 'Tacrine', 'Medivance', 'Tacrine'),

-- Medications for Cholera
('SIN10041', 'Doxycycline', 'HealthGenix', 'Doxycycline'),
('SIN10042', 'Azithromycin', 'NovaMedicines', 'Azithromycin'),
('SIN10043', 'Ciprofloxacin', 'Wellness Labs', 'Ciprofloxacin'),
('SIN10044', 'Tetracycline', 'LifeCure', 'Tetracycline'),
('SIN10045', 'Zinc Sulfate', 'BioMed Solutions', 'Zinc Sulfate'),

-- Medications for COVID-19
('SIN10046', 'Remdesivir', 'PharmaCorp', 'Remdesivir'),
('SIN10047', 'Favipiravir', 'MediHealth', 'Favipiravir'),
('SIN10048', 'Dexamethasone', 'CureIt Pharmaceuticals', 'Dexamethasone'),
('SIN10049', 'Molnupiravir', 'HealthGenix', 'Molnupiravir'),
('SIN10050', 'Tocilizumab', 'NovaMedicines', 'Tocilizumab');

--------------------------------------------------------------------------------------------------------------------------
-- Create Location Table
--------------------------------------------------------------------------------------------------------------------------

CREATE TABLE Location (
    Location_ID SERIAL PRIMARY KEY,
    City_Name VARCHAR(100),
    State_Province_Name VARCHAR(100),
    Country_Name VARCHAR(100),
    Developing_Flag CHAR(1),
    Wealth_Rank_Number INT
);
--------------------------------------------------------------------------------------------------------------------------
-- Fill Location Table
--------------------------------------------------------------------------------------------------------------------------

INSERT INTO Location (City_Name, State_Province_Name, Country_Name, Developing_Flag, Wealth_Rank_Number)
VALUES
('New York', 'New York', 'USA', 'N', 8),
('Los Angeles', 'California', 'USA', 'N', 9),
('Chicago', 'Illinois', 'USA', 'N', 6),
('Houston', 'Texas', 'USA', 'N', 6),
('Miami', 'Florida', 'USA', 'N', 10),
('Toronto', 'Ontario', 'Canada', 'N', 7),
('Vancouver', 'British Columbia', 'Canada', 'N', 8),
('London', 'England', 'UK', 'N', 9),
('Manchester', 'England', 'UK', 'N', 6),
('Birmingham', 'England', 'UK', 'N', 7),
('Sydney', 'New South Wales', 'Australia', 'N', 7),
('Melbourne', 'Victoria', 'Australia', 'N', 8),
('Paris', 'Ile-de-France', 'France', 'N', 9),
('Berlin', 'Berlin', 'Germany', 'N', 8),
('Munich', 'Bavaria', 'Germany', 'N', 7),
('Tokyo', 'Tokyo', 'Japan', 'N', 9),
('Osaka', 'Osaka', 'Japan', 'N', 10),
('Seoul', 'Seoul', 'South Korea', 'N', 9),
('Beijing', 'Beijing', 'China', 'Y', 4),
('Shanghai', 'Shanghai', 'China', 'Y', 3),
('Rio de Janeiro', 'Rio de Janeiro', 'Brazil', 'Y', 2),
('Sao Paulo', 'Sao Paulo', 'Brazil', 'Y', 3),
('Cape Town', 'Western Cape', 'South Africa', 'Y', 5),
('Johannesburg', 'Gauteng', 'South Africa', 'Y', 4),
('Mumbai', 'Maharashtra', 'India', 'Y', 3),
('Delhi', 'Delhi', 'India', 'Y', 2),
('Mexico City', 'Mexico City', 'Mexico', 'Y', 4),
('Guadalajara', 'Jalisco', 'Mexico', 'Y', 3),
('Buenos Aires', 'Buenos Aires', 'Argentina', 'Y', 5),
('Lagos', 'Lagos', 'Nigeria', 'Y', 2);


--------------------------------------------------------------------------------------------------------------------------
-- Create Indication Table
--------------------------------------------------------------------------------------------------------------------------

CREATE TABLE Indication (
    Indication_ID SERIAL PRIMARY KEY,
    Medicine_ID INT,
    Disease_ID INT,
    Dosage VARCHAR(50),
    CONSTRAINT fk_Disease_Indication FOREIGN KEY (Disease_ID) REFERENCES Disease(Disease_ID) ON UPDATE CASCADE,
    CONSTRAINT fk_Medicine_Indication FOREIGN KEY (Medicine_ID) REFERENCES Medicine(Medicine_ID) ON UPDATE CASCADE
);

--------------------------------------------------------------------------------------------------------------------------
-- Fill Indication Table
--------------------------------------------------------------------------------------------------------------------------


INSERT INTO Indication (Medicine_ID, Disease_ID, Dosage) VALUES
(1, 1, '1 tablet daily'),
(1, 1, '20mg'),
(2, 1, '50mg'),
(2, 1, '500mg 2x daily'),
(2, 1, '50mg'),
(3, 1, '2 tablets daily'),
(3, 1, '100mg'),
(4, 1, '1 tablet daily'),
(4, 1, '2 tablets daily'),
(5, 1, '1 tablet daily'),
(5, 1, '20mg'),
(6, 2, '500mg 2x daily'),
(6, 2, '2 tablets daily'),
(7, 2, '50mg'),
(7, 2, '100mg'),
(8, 2, '20mg'),
(8, 2, '1 tablet daily'),
(9, 3, '1 tablet daily'),
(9, 3, '100mg'),
(10, 3, '2 tablets daily'),
(10, 3, '50mg'),
(11, 1, '2 tablets daily'),
(11, 1, '100mg'),
(12, 1, '1 tablet daily'),
(12, 1, '2 tablets daily'),
(12, 1, '10mg'),
(13, 1, '1 tablet daily'),
(13, 1, '1 tablet daily'),
(13, 1, '20mg'),
(14, 1, '500mg 2x daily'),
(14, 1, '2 tablets daily'),
(15, 1, '500mg 2x daily'),
(15, 1, '1 tablet daily'),
(15, 1, '10mg'),
(16, 2, '1 tablet daily'),
(16, 2, '1 tablet daily'),
(16, 2, '100mg'),
(17, 2, '20mg'),
(17, 2, '100mg'),
(18, 2, '2 tablets daily'),
(18, 2, '2 tablets daily'),
(19, 2, '50mg'),
(19, 2, '10mg'),
(19, 2, '10mg'),
(20, 2, '1 tablet daily'),
(20, 2, '2 tablets daily'),
(20, 2, '500mg 2x daily'),
(21, 3, '50mg'),
(21, 3, '100mg'),
(21, 3, '1 tablet daily'),
(22, 3, '2 tablets daily'),
(22, 3, '100mg'),
(23, 3, '20mg'),
(23, 3, '1 tablet daily'),
(23, 3, '2 tablets daily'),
(24, 3, '1 tablet daily'),
(24, 3, '100mg'),
(25, 3, '10mg'),
(25, 3, '10mg'),
(26, 4, '100mg'),
(26, 4, '2 tablets daily'),
(26, 4, '20mg'),
(27, 4, '10mg'),
(27, 4, '2 tablets daily'),
(27, 4, '10mg'),
(28, 4, '10mg'),
(28, 4, '1 tablet daily'),
(29, 4, '20mg'),
(29, 4, '100mg'),
(29, 4, '50mg'),
(30, 4, '50mg'),
(30, 4, '2 tablets daily'),
(30, 4, '50mg'),
(31, 5, '20mg'),
(31, 5, '100mg'),
(32, 5, '500mg 2x daily'),
(32, 5, '20mg'),
(32, 5, '500mg 2x daily'),
(33, 5, '1 tablet daily'),
(33, 5, '20mg'),
(33, 5, '1 tablet daily'),
(34, 5, '20mg'),
(34, 5, '20mg'),
(35, 5, '20mg'),
(35, 5, '100mg'),
(35, 5, '10mg'),
(36, 6, '2 tablets daily'),
(36, 6, '2 tablets daily'),
(37, 6, '1 tablet daily'),
(37, 6, '500mg 2x daily'),
(37, 6, '100mg'),
(38, 6, '50mg'),
(38, 6, '20mg'),
(38, 6, '10mg'),
(39, 6, '20mg'),
(39, 6, '2 tablets daily'),
(40, 6, '10mg'),
(40, 6, '100mg'),
(41, 7, '1 tablet daily'),
(41, 7, '20mg'),
(42, 7, '1 tablet daily'),
(42, 7, '100mg'),
(42, 7, '100mg'),
(43, 7, '1 tablet daily'),
(43, 7, '1 tablet daily'),
(44, 7, '1 tablet daily'),
(44, 7, '500mg 2x daily'),
(45, 7, '2 tablets daily'),
(45, 7, '2 tablets daily'),
(46, 8, '500mg 2x daily'),
(46, 8, '100mg'),
(47, 8, '50mg'),
(47, 8, '20mg'),
(47, 8, '50mg'),
(48, 8, '1 tablet daily'),
(48, 8, '1 tablet daily'),
(49, 8, '10mg'),
(49, 8, '20mg'),
(49, 8, '10mg'),
(50, 8, '100mg'),
(50, 8, '20mg'),
(50, 8, '500mg 2x daily'),
(51, 9, '20mg'),
(51, 9, '1 tablet daily'),
(52, 9, '10mg'),
(52, 9, '1 tablet daily'),
(52, 9, '20mg'),
(53, 9, '20mg'),
(53, 9, '50mg'),
(54, 9, '50mg'),
(54, 9, '50mg'),
(54, 9, '2 tablets daily'),
(55, 9, '1 tablet daily'),
(55, 9, '50mg'),
(56, 10, '20mg'),
(56, 10, '20mg'),
(56, 10, '10mg'),
(57, 10, '100mg'),
(57, 10, '10mg'),
(58, 10, '20mg'),
(58, 10, '50mg'),
(59, 10, '20mg'),
(59, 10, '100mg'),
(59, 10, '10mg'),
(60, 10, '10mg'),
(60, 10, '100mg');



--------------------------------------------------------------------------------------------------------------------------
-- Create Diseased Patient Table
--------------------------------------------------------------------------------------------------------------------------

CREATE TABLE Diseased_Patient (
    Person_ID SERIAL PRIMARY KEY,
    Last_Name VARCHAR(50),
    First_Name VARCHAR(50),
    Gender CHAR(1),
    Primary_Location_ID INT,
    Age INT,
    Disease_ID INT,
    Severity_Value INT DEFAULT 1,
    Start_Date DATE,
    End_Date DATE,
    Is_Insured BOOLEAN DEFAULT FALSE,
    CONSTRAINT fk_Disease_Diseased_Patient FOREIGN KEY (Disease_ID) REFERENCES Disease(Disease_ID) ON UPDATE CASCADE,
    CONSTRAINT fk_Location_Person FOREIGN KEY (Primary_Location_ID) REFERENCES Location(Location_ID) ON UPDATE CASCADE
);
--------------------------------------------------------------------------------------------------------------------------
-- Fill Diseased Patient Table
--------------------------------------------------------------------------------------------------------------------------

INSERT INTO Diseased_Patient (Last_Name, First_Name, Gender, Primary_Location_ID, Age, Disease_ID, Severity_Value, Start_Date, End_Date, Is_Insured)
VALUES
('Garcia', 'David', 'M', 6, 58, 1, 10, '2020-12-12', '2020-12-22', True),
('Martinez', 'Sophia', 'F', 13, 45, 1, 6, '2022-06-12', '2023-02-07', False),
('Johnson', 'Emily', 'M', 25, 65, 9, 6, '2021-07-06', '2021-08-02', False),
('Smith', 'Matthew', 'M', 18, 93, 6, 4, '2022-01-01', '2022-11-05', True),
('Davis', 'Michael', 'F', 11, 28, 9, 5, '2021-11-18', '2021-12-01', False),
('Martinez', 'Daniel', 'M', 3, 56, 5, 1, '2022-03-05', '2022-03-27', True),
('Smith', 'Daniel', 'F', 25, 31, 3, 2, '2020-04-15', '2021-04-01', False),
('Davis', 'Emily', 'F', 5, 82, 10, 4, '2022-07-10', '2022-09-14', True),
('Martinez', 'Michael', 'F', 21, 35, 10, 3, '2020-01-12', '2020-12-02', False),
('Johnson', 'Jane', 'F', 3, 83, 7, 7, '2021-11-24', '2022-02-18', True),
('Williams', 'Emma', 'F', 17, 66, 1, 3, '2020-05-11', '2020-09-04', False),
('Martinez', 'Michael', 'F', 1, 69, 6, 8, '2020-08-10', '2021-04-30', False),
('Jones', 'Emily', 'F', 14, 65, 7, 7, '2021-09-06', '2021-10-20', False),
('Rodriguez', 'Olivia', 'M', 27, 14, 6, 2, '2020-01-11', '2020-11-06', True),
('Garcia', 'John', 'F', 20, 27, 1, 7, '2021-06-03', '2022-03-03', True),
('Brown', 'John', 'M', 9, 54, 5, 1, '2021-07-20', '2022-04-26', True),
('Brown', 'Matthew', 'F', 22, 52, 6, 8, '2021-02-08', '2022-02-03', False),
('Miller', 'Olivia', 'F', 28, 45, 3, 2, '2021-12-26', '2022-12-22', True),
('Rodriguez', 'Sophia', 'M', 7, 26, 3, 4, '2020-05-02', '2021-02-02', False),
('Davis', 'Olivia', 'F', 3, 29, 2, 8, '2020-01-19', '2020-05-06', True),
('Rodriguez', 'Sophia', 'M', 12, 40, 6, 7, '2021-09-03', '2022-01-03', False),
('Miller', 'Emily', 'F', 25, 13, 3, 5, '2021-04-03', '2021-12-31', True),
('Davis', 'Jane', 'F', 1, 72, 3, 6, '2020-07-05', '2020-09-08', True),
('Miller', 'Emma', 'F', 4, 24, 1, 2, '2022-05-27', '2022-11-05', True),
('Johnson', 'Sophia', 'M', 8, 20, 1, 8, '2021-10-25', '2022-10-12', False),
('Miller', 'Olivia', 'F', 4, 65, 9, 3, '2020-11-22', '2020-12-16', False),
('Miller', 'Olivia', 'M', 17, 92, 4, 5, '2021-06-18', '2021-10-09', False),
('Miller', 'Emily', 'F', 8, 90, 5, 2, '2021-06-05', '2021-08-27', False),
('Smith', 'Daniel', 'F', 12, 65, 3, 10, '2020-06-09', '2020-09-03', False),
('Smith', 'David', 'F', 27, 4, 6, 1, '2020-08-22', '2021-02-03', True),
('Brown', 'Emily', 'M', 17, 13, 8, 2, '2022-02-05', '2022-02-15', False),
('Davis', 'Michael', 'M', 16, 62, 5, 5, '2020-11-12', '2021-03-13', True),
('Williams', 'Olivia', 'M', 26, 79, 6, 5, '2021-11-22', '2022-01-18', False),
('Miller', 'Olivia', 'M', 23, 44, 8, 7, '2020-07-23', '2021-02-15', True),
('Johnson', 'Daniel', 'M', 18, 55, 7, 6, '2022-06-04', '2022-09-13', True),
('Smith', 'Jane', 'M', 29, 47, 6, 2, '2021-02-19', '2021-04-24', False),
('Smith', 'Emma', 'M', 22, 91, 9, 3, '2020-11-07', '2021-07-20', False),
('Jones', 'John', 'M', 22, 98, 10, 3, '2021-02-23', '2021-10-28', False),
('Brown', 'Daniel', 'F', 11, 9, 3, 5, '2022-07-22', '2022-10-27', False),
('Martinez', 'Daniel', 'M', 6, 2, 6, 10, '2020-01-09', '2020-05-09', True),
('Brown', 'Jane', 'F', 26, 28, 7, 1, '2020-03-27', '2020-11-24', True),
('Williams', 'Sophia', 'F', 10, 81, 8, 5, '2020-06-18', '2021-01-16', True),
('Davis', 'David', 'M', 22, 36, 8, 1, '2022-04-04', '2022-08-31', True),
('Brown', 'Olivia', 'F', 17, 38, 9, 5, '2021-04-11', '2021-08-12', False),
('Rodriguez', 'Daniel', 'M', 17, 96, 7, 2, '2021-11-24', '2022-08-27', False),
('Garcia', 'Olivia', 'M', 7, 3, 5, 7, '2020-02-11', '2020-02-19', True),
('Jones', 'Emma', 'M', 8, 15, 3, 9, '2021-02-27', '2021-06-09', False),
('Jones', 'Matthew', 'M', 7, 38, 9, 9, '2021-05-08', '2021-10-05', True),
('Garcia', 'Jane', 'F', 19, 75, 9, 8, '2021-05-28', '2022-05-16', False),
('Davis', 'John', 'F', 29, 67, 8, 2, '2021-01-28', '2021-06-25', True),
('Williams', 'John', 'M', 8, 64, 2, 5, '2021-03-05', '2021-07-24', True),
('Smith', 'Sophia', 'F', 9, 9, 4, 10, '2021-10-25', '2022-06-13', False),
('Martinez', 'Emma', 'M', 24, 87, 5, 2, '2022-03-21', '2022-11-25', False),
('Smith', 'Emily', 'M', 26, 76, 7, 5, '2022-05-03', '2022-05-25', False),
('Jones', 'Jane', 'M', 30, 39, 7, 4, '2020-07-19', '2021-03-30', False),
('Miller', 'Olivia', 'F', 6, 72, 7, 2, '2022-06-08', '2023-03-11', False),
('Martinez', 'Sophia', 'M', 12, 63, 2, 3, '2022-06-28', '2022-11-15', True),
('Davis', 'Emily', 'F', 28, 35, 1, 1, '2021-08-09', '2022-05-16', False),
('Jones', 'John', 'F', 4, 29, 2, 6, '2020-03-28', '2020-08-11', False),
('Garcia', 'Matthew', 'F', 1, 20, 3, 9, '2022-08-17', '2023-06-18', True),
('Jones', 'Emma', 'F', 6, 78, 3, 8, '2020-08-30', '2021-06-26', True),
('Garcia', 'Emma', 'F', 19, 85, 8, 6, '2021-07-31', '2022-01-14', True),
('Brown', 'Emily', 'M', 29, 63, 1, 9, '2020-04-22', '2020-07-10', False),
('Williams', 'Emily', 'M', 10, 79, 7, 7, '2020-12-01', '2021-05-29', False),
('Jones', 'Emma', 'F', 23, 22, 3, 9, '2022-01-22', '2022-11-09', True),
('Rodriguez', 'John', 'M', 12, 32, 5, 8, '2020-12-18', '2021-10-21', True),
('Johnson', 'Michael', 'F', 10, 79, 9, 7, '2020-09-30', '2021-06-09', True),
('Smith', 'John', 'M', 29, 45, 9, 3, '2021-05-15', '2021-07-26', False),
('Williams', 'Emily', 'F', 25, 33, 6, 8, '2020-04-25', '2020-07-26', False),
('Jones', 'Emily', 'F', 5, 98, 7, 2, '2020-02-07', '2020-10-12', True),
('Garcia', 'David', 'M', 29, 99, 5, 1, '2022-07-19', '2023-07-12', False),
('Brown', 'Sophia', 'M', 20, 14, 4, 8, '2020-05-22', '2021-02-09', False),
('Smith', 'Emma', 'M', 30, 16, 2, 10, '2021-06-04', '2021-06-21', False),
('Martinez', 'Emma', 'M', 5, 43, 1, 5, '2020-04-05', '2021-02-11', False),
('Brown', 'Emma', 'F', 17, 22, 4, 3, '2020-10-10', '2021-04-22', True),
('Davis', 'Emma', 'M', 5, 78, 4, 6, '2021-12-22', '2022-10-30', False),
('Martinez', 'Michael', 'F', 20, 75, 6, 2, '2022-02-10', '2022-07-26', True),
('Martinez', 'Emily', 'M', 17, 18, 6, 4, '2021-06-03', '2022-04-24', True),
('Smith', 'David', 'M', 2, 82, 6, 1, '2022-02-02', '2022-04-26', True),
('Garcia', 'Emma', 'M', 4, 7, 5, 5, '2021-12-19', '2022-02-26', True),
('Miller', 'Daniel', 'M', 1, 96, 4, 4, '2020-04-05', '2020-07-11', False),
('Brown', 'John', 'F', 26, 64, 5, 6, '2022-05-18', '2022-12-17', False),
('Jones', 'David', 'M', 27, 16, 1, 1, '2022-05-07', '2022-08-18', True),
('Rodriguez', 'John', 'F', 5, 33, 2, 6, '2022-01-17', '2022-03-03', False),
('Miller', 'David', 'F', 9, 38, 2, 7, '2021-11-28', '2022-04-23', False),
('Garcia', 'Daniel', 'M', 18, 20, 5, 3, '2020-07-17', '2021-01-10', False),
('Johnson', 'Sophia', 'M', 11, 98, 2, 4, '2020-08-27', '2021-01-18', False),
('Smith', 'Sophia', 'M', 24, 73, 1, 1, '2022-06-06', '2023-05-19', False),
('Smith', 'Emily', 'F', 17, 23, 4, 7, '2022-05-31', '2022-09-07', True),
('Garcia', 'Matthew', 'F', 23, 2, 10, 7, '2021-06-03', '2021-11-11', False),
('Brown', 'Matthew', 'M', 16, 43, 4, 10, '2022-01-05', '2023-01-05', True),
('Rodriguez', 'John', 'F', 7, 51, 7, 6, '2022-09-04', '2022-09-24', True),
('Martinez', 'Matthew', 'M', 3, 18, 7, 3, '2021-07-05', '2022-01-30', True),
('Garcia', 'Emily', 'M', 16, 7, 2, 7, '2020-07-10', '2021-07-03', True),
('Garcia', 'Daniel', 'M', 18, 2, 9, 10, '2020-08-10', '2020-11-12', True),
('Jones', 'Emma', 'F', 21, 28, 10, 4, '2022-01-10', '2022-05-22', True),
('Jones', 'Michael', 'M', 11, 65, 10, 1, '2021-11-27', '2022-04-02', True),
('Johnson', 'Daniel', 'F', 19, 62, 9, 2, '2022-01-25', '2022-11-26', True),
('Johnson', 'Jane', 'M', 12, 40, 3, 3, '2021-03-03', '2021-03-31', False),
('Davis', 'Daniel', 'M', 28, 99, 6, 1, '2021-07-06', '2021-12-02', True),
('Williams', 'Emma', 'M', 27, 45, 3, 10, '2022-04-30', '2022-12-01', True),
('Garcia', 'Matthew', 'M', 8, 92, 6, 8, '2021-04-17', '2021-04-27', False),
('Miller', 'Michael', 'F', 22, 89, 9, 6, '2022-05-07', '2022-07-23', True),
('Smith', 'John', 'M', 1, 33, 5, 1, '2020-09-24', '2021-06-07', True),
('Brown', 'Michael', 'M', 14, 64, 9, 4, '2021-01-13', '2021-01-22', True),
('Martinez', 'Jane', 'F', 26, 63, 10, 3, '2021-12-10', '2022-07-02', True),
('Miller', 'Michael', 'F', 29, 98, 5, 4, '2020-05-27', '2020-11-29', False),
('Brown', 'Michael', 'F', 22, 40, 5, 4, '2021-04-12', '2021-12-07', True),
('Johnson', 'Jane', 'F', 15, 80, 7, 10, '2021-05-20', '2022-04-19', False),
('Miller', 'Michael', 'F', 21, 63, 3, 6, '2021-09-12', '2022-09-01', False),
('Martinez', 'Olivia', 'M', 27, 46, 8, 8, '2021-03-27', '2022-03-13', False),
('Miller', 'Jane', 'F', 18, 2, 4, 8, '2020-06-16', '2021-05-26', True),
('Williams', 'John', 'M', 14, 24, 3, 10, '2021-07-05', '2022-04-17', True),
('Miller', 'David', 'M', 5, 35, 5, 5, '2021-06-05', '2022-05-24', False),
('Martinez', 'John', 'F', 23, 74, 2, 9, '2020-04-06', '2020-06-12', False),
('Martinez', 'Matthew', 'M', 24, 34, 2, 1, '2020-05-27', '2020-10-21', True),
('Garcia', 'Emily', 'M', 24, 46, 1, 5, '2022-05-02', '2023-04-16', False),
('Miller', 'Matthew', 'F', 27, 8, 9, 6, '2020-05-05', '2020-10-20', True),
('Johnson', 'Matthew', 'M', 14, 92, 7, 8, '2020-08-30', '2021-07-24', True),
('Jones', 'Matthew', 'F', 15, 57, 5, 2, '2020-12-29', '2021-11-01', True),
('Johnson', 'Emily', 'F', 8, 35, 2, 1, '2020-08-25', '2020-09-01', False),
('Martinez', 'Michael', 'F', 24, 9, 2, 9, '2020-08-03', '2020-10-17', False),
('Rodriguez', 'Jane', 'M', 20, 30, 10, 2, '2021-03-23', '2021-10-25', True),
('Smith', 'John', 'M', 5, 95, 9, 5, '2020-03-09', '2020-07-16', True),
('Garcia', 'Sophia', 'M', 3, 33, 8, 5, '2020-03-16', '2020-05-18', False),
('Smith', 'Sophia', 'M', 5, 57, 3, 3, '2021-02-02', '2021-09-14', True),
('Martinez', 'Emily', 'M', 16, 92, 5, 4, '2022-06-24', '2022-12-26', True),
('Miller', 'Emma', 'F', 7, 15, 9, 2, '2022-09-02', '2023-03-20', True),
('Rodriguez', 'Sophia', 'F', 23, 57, 9, 3, '2021-03-18', '2021-09-22', False),
('Davis', 'Emily', 'F', 26, 40, 10, 8, '2021-07-25', '2021-12-07', True),
('Davis', 'John', 'M', 28, 46, 2, 2, '2021-03-04', '2021-10-03', False),
('Martinez', 'Matthew', 'F', 3, 71, 9, 5, '2022-01-03', '2022-03-03', True),
('Davis', 'Emily', 'F', 5, 35, 1, 8, '2021-02-23', '2021-03-10', True),
('Miller', 'Emily', 'M', 19, 85, 1, 2, '2022-08-19', '2023-04-17', True),
('Williams', 'Michael', 'M', 22, 38, 9, 7, '2020-03-29', '2020-05-04', False),
('Martinez', 'Olivia', 'F', 15, 18, 5, 6, '2020-03-20', '2021-03-08', True),
('Miller', 'Emily', 'F', 1, 57, 4, 4, '2020-12-05', '2021-11-25', True),
('Rodriguez', 'David', 'F', 20, 64, 4, 8, '2022-06-08', '2022-08-03', False),
('Smith', 'Jane', 'F', 27, 28, 4, 5, '2021-01-14', '2021-09-18', True),
('Brown', 'Daniel', 'M', 6, 86, 10, 5, '2022-05-13', '2022-08-05', False),
('Davis', 'Olivia', 'M', 17, 19, 6, 10, '2020-03-28', '2020-12-20', True),
('Martinez', 'Daniel', 'M', 5, 33, 7, 9, '2021-03-04', '2021-05-14', False),
('Smith', 'Emma', 'M', 11, 78, 1, 7, '2022-03-26', '2022-11-05', False),
('Martinez', 'Matthew', 'M', 3, 46, 1, 2, '2022-08-04', '2023-02-21', True),
('Rodriguez', 'Olivia', 'M', 27, 34, 2, 9, '2021-12-01', '2022-02-17', False),
('Williams', 'Michael', 'M', 8, 20, 2, 1, '2022-05-04', '2022-09-20', True),
('Johnson', 'Emma', 'F', 6, 9, 3, 9, '2021-02-15', '2021-12-02', False),
('Brown', 'Michael', 'M', 14, 56, 5, 5, '2020-09-20', '2020-10-01', True),
('Martinez', 'Daniel', 'F', 26, 37, 1, 3, '2021-09-11', '2022-09-11', False),
('Martinez', 'John', 'M', 30, 59, 3, 5, '2021-01-15', '2021-10-20', False),
('Miller', 'David', 'M', 20, 38, 8, 2, '2021-07-06', '2021-07-28', False),
('Johnson', 'Olivia', 'F', 21, 38, 1, 4, '2020-08-12', '2020-08-24', True),
('Garcia', 'Sophia', 'M', 26, 72, 1, 1, '2021-09-09', '2022-03-25', False),
('Garcia', 'Sophia', 'M', 9, 89, 8, 1, '2020-10-22', '2021-05-24', True),
('Miller', 'Daniel', 'F', 5, 20, 7, 4, '2022-02-26', '2022-10-20', False),
('Miller', 'David', 'M', 7, 52, 3, 9, '2022-08-02', '2022-11-10', False),
('Miller', 'Matthew', 'F', 6, 51, 1, 7, '2021-04-28', '2021-10-05', False),
('Rodriguez', 'Matthew', 'F', 6, 84, 1, 10, '2020-01-20', '2020-09-21', False),
('Garcia', 'Daniel', 'F', 29, 52, 10, 5, '2022-01-08', '2022-03-06', True),
('Rodriguez', 'Sophia', 'F', 17, 44, 10, 1, '2020-10-03', '2021-09-17', True),
('Brown', 'David', 'M', 17, 43, 10, 9, '2022-05-07', '2022-05-12', True),
('Smith', 'Matthew', 'F', 30, 43, 4, 6, '2022-01-05', '2022-07-12', True),
('Garcia', 'Sophia', 'F', 10, 22, 8, 8, '2022-05-10', '2023-04-16', True),
('Davis', 'Emma', 'M', 16, 90, 3, 5, '2021-11-28', '2022-01-25', False),
('Jones', 'Olivia', 'F', 3, 71, 10, 5, '2020-07-23', '2020-10-31', True),
('Martinez', 'John', 'F', 23, 68, 4, 9, '2022-06-03', '2023-03-27', True),
('Williams', 'Michael', 'F', 24, 14, 7, 8, '2020-03-08', '2021-01-30', False),
('Brown', 'Matthew', 'F', 17, 94, 1, 4, '2022-06-05', '2022-11-10', False),
('Johnson', 'Daniel', 'F', 25, 17, 1, 7, '2020-04-02', '2020-11-07', False),
('Williams', 'John', 'M', 26, 95, 6, 4, '2020-01-10', '2020-10-24', False),
('Davis', 'Sophia', 'M', 16, 85, 1, 4, '2021-05-28', '2021-11-07', True),
('Johnson', 'David', 'F', 9, 16, 1, 10, '2021-06-03', '2021-08-08', True),
('Miller', 'Jane', 'M', 9, 79, 9, 7, '2021-07-19', '2022-01-12', True),
('Miller', 'Emily', 'F', 19, 6, 5, 7, '2020-11-04', '2021-10-19', True),
('Martinez', 'Jane', 'M', 29, 2, 2, 6, '2022-02-18', '2022-08-11', True),
('Smith', 'Matthew', 'F', 11, 15, 4, 8, '2022-02-25', '2022-09-03', True),
('Garcia', 'Sophia', 'M', 29, 10, 3, 3, '2020-06-08', '2020-12-25', True),
('Johnson', 'Emma', 'F', 7, 35, 1, 8, '2020-09-28', '2020-10-19', True),
('Williams', 'Matthew', 'M', 16, 40, 5, 2, '2021-06-06', '2021-11-25', False),
('Davis', 'John', 'M', 11, 31, 9, 4, '2020-09-18', '2021-02-24', False),
('Williams', 'Michael', 'F', 30, 58, 9, 4, '2020-08-22', '2021-02-06', True),
('Garcia', 'Olivia', 'M', 17, 72, 7, 10, '2022-02-17', '2022-11-27', True),
('Miller', 'John', 'M', 24, 29, 2, 4, '2021-06-30', '2021-09-22', True),
('Garcia', 'Jane', 'F', 11, 36, 5, 3, '2021-04-21', '2021-11-29', False),
('Johnson', 'Matthew', 'F', 10, 68, 2, 4, '2021-02-07', '2021-09-03', False),
('Jones', 'Jane', 'F', 14, 98, 7, 8, '2022-02-07', '2022-04-25', True),
('Martinez', 'Jane', 'F', 26, 38, 1, 2, '2021-10-22', '2022-04-03', False),
('Miller', 'Emma', 'M', 20, 47, 10, 1, '2022-04-01', '2022-05-24', True),
('Rodriguez', 'John', 'M', 4, 71, 8, 1, '2021-03-13', '2021-07-16', True),
('Garcia', 'Daniel', 'F', 5, 86, 4, 4, '2022-08-14', '2022-08-25', False),
('Garcia', 'David', 'F', 4, 65, 4, 8, '2020-12-04', '2021-08-22', False),
('Rodriguez', 'John', 'M', 7, 4, 1, 10, '2021-11-16', '2022-05-20', False),
('Brown', 'David', 'F', 15, 27, 3, 6, '2021-09-13', '2022-02-06', True),
('Garcia', 'Olivia', 'M', 10, 47, 8, 8, '2020-05-05', '2020-11-12', False),
('Williams', 'Daniel', 'M', 7, 37, 8, 6, '2021-05-28', '2021-06-27', True),
('Davis', 'Daniel', 'M', 9, 22, 6, 3, '2022-03-04', '2022-05-22', True),
('Rodriguez', 'Michael', 'M', 26, 14, 10, 1, '2020-05-23', '2020-08-20', True),
('Jones', 'Matthew', 'F', 3, 33, 1, 7, '2022-05-08', '2023-03-17', True),
('Williams', 'David', 'M', 7, 19, 5, 1, '2021-09-13', '2021-11-10', True),
('Smith', 'John', 'F', 4, 82, 6, 5, '2020-04-29', '2020-06-05', True),
('Davis', 'John', 'F', 22, 98, 5, 1, '2021-03-27', '2021-12-02', True),
('Davis', 'David', 'F', 8, 99, 8, 4, '2022-01-17', '2022-12-12', False),
('Rodriguez', 'Jane', 'F', 11, 3, 5, 9, '2020-10-29', '2021-09-05', False),
('Rodriguez', 'Michael', 'F', 14, 37, 10, 1, '2021-05-17', '2021-09-16', True),
('Davis', 'Michael', 'M', 18, 13, 3, 1, '2021-07-25', '2022-03-28', True),
('Williams', 'Matthew', 'F', 1, 56, 2, 10, '2021-11-06', '2021-11-30', True),
('Jones', 'Jane', 'F', 19, 80, 9, 3, '2020-05-21', '2021-04-18', False),
('Williams', 'Emma', 'M', 12, 25, 10, 6, '2022-08-13', '2022-11-07', False),
('Davis', 'Matthew', 'M', 27, 23, 4, 6, '2020-09-26', '2021-02-07', False),
('Williams', 'Daniel', 'F', 15, 35, 2, 2, '2020-01-27', '2020-08-30', True),
('Martinez', 'Matthew', 'F', 3, 61, 8, 5, '2021-11-24', '2022-09-23', False),
('Jones', 'Sophia', 'M', 10, 58, 10, 6, '2022-07-04', '2022-10-05', False),
('Miller', 'Olivia', 'M', 23, 48, 9, 10, '2020-05-03', '2020-06-02', False),
('Davis', 'Olivia', 'M', 25, 85, 1, 6, '2021-02-14', '2021-08-19', False),
('Rodriguez', 'Emma', 'F', 21, 26, 3, 1, '2020-07-11', '2021-06-24', False),
('Miller', 'Emily', 'M', 21, 40, 5, 3, '2021-10-13', '2022-07-11', True),
('Smith', 'Michael', 'F', 11, 10, 4, 7, '2020-04-28', '2021-01-30', False),
('Miller', 'Emily', 'F', 28, 39, 1, 3, '2022-03-17', '2022-11-26', False),
('Miller', 'Olivia', 'F', 21, 89, 7, 1, '2021-02-23', '2022-01-06', True),
('Miller', 'Emma', 'M', 3, 60, 6, 4, '2022-04-03', '2023-02-11', True),
('Williams', 'John', 'M', 5, 5, 8, 8, '2021-07-11', '2022-06-15', True),
('Garcia', 'John', 'M', 3, 90, 10, 1, '2021-11-13', '2022-06-23', False),
('Williams', 'Emily', 'F', 9, 37, 6, 8, '2021-06-12', '2022-01-05', False),
('Smith', 'Emily', 'M', 23, 64, 6, 1, '2021-09-22', '2022-03-04', False),
('Davis', 'David', 'F', 21, 74, 7, 7, '2022-06-14', '2022-08-26', False),
('Smith', 'Michael', 'F', 26, 56, 9, 2, '2020-03-05', '2020-09-18', False),
('Brown', 'Emily', 'F', 1, 90, 1, 8, '2022-02-10', '2022-12-15', False),
('Jones', 'Michael', 'M', 7, 82, 1, 1, '2020-01-21', '2020-07-01', False),
('Garcia', 'David', 'F', 25, 93, 4, 10, '2020-04-09', '2021-02-19', False),
('Johnson', 'Matthew', 'F', 21, 100, 8, 6, '2020-05-23', '2020-10-06', True),
('Jones', 'David', 'F', 26, 89, 10, 4, '2021-08-04', '2022-04-28', True),
('Smith', 'Jane', 'F', 15, 16, 9, 3, '2020-03-08', '2020-12-27', False),
('Jones', 'Emma', 'F', 29, 14, 4, 2, '2022-06-20', '2023-05-02', True),
('Miller', 'Daniel', 'F', 1, 3, 1, 4, '2021-07-05', '2021-11-06', True),
('Davis', 'Matthew', 'M', 30, 80, 7, 3, '2020-04-25', '2020-05-29', False),
('Johnson', 'John', 'M', 19, 11, 1, 3, '2022-07-30', '2023-01-15', True),
('Smith', 'Emily', 'F', 13, 31, 5, 2, '2021-07-26', '2022-04-12', True),
('Martinez', 'Olivia', 'M', 26, 50, 2, 7, '2021-10-02', '2021-11-15', True),
('Smith', 'Daniel', 'F', 4, 28, 5, 4, '2020-10-20', '2021-07-20', True),
('Martinez', 'Emily', 'M', 27, 56, 9, 9, '2021-08-13', '2022-03-04', False),
('Brown', 'David', 'M', 25, 45, 4, 4, '2020-04-17', '2020-12-21', False),
('Davis', 'David', 'F', 19, 25, 7, 5, '2021-10-25', '2022-05-05', False),
('Garcia', 'Emma', 'M', 29, 11, 5, 7, '2021-05-10', '2022-01-21', False),
('Martinez', 'Daniel', 'M', 11, 10, 4, 7, '2022-09-04', '2022-11-15', False),
('Garcia', 'Emily', 'M', 30, 22, 10, 4, '2021-05-27', '2021-10-17', True),
('Johnson', 'Jane', 'M', 18, 60, 3, 2, '2022-05-06', '2022-07-01', True),
('Williams', 'David', 'M', 17, 15, 3, 3, '2021-05-14', '2022-04-11', False),
('Smith', 'Daniel', 'F', 24, 46, 1, 9, '2021-11-07', '2022-05-08', True),
('Martinez', 'Olivia', 'F', 28, 44, 4, 7, '2021-01-24', '2021-03-24', False),
('Brown', 'Daniel', 'F', 19, 38, 7, 8, '2022-04-21', '2022-05-13', True),
('Rodriguez', 'Jane', 'F', 1, 62, 1, 4, '2021-05-02', '2021-08-13', False),
('Rodriguez', 'Emily', 'M', 22, 62, 1, 7, '2020-05-10', '2020-09-20', False),
('Rodriguez', 'Jane', 'F', 7, 84, 2, 9, '2020-01-07', '2020-10-16', False),
('Martinez', 'Emily', 'F', 2, 66, 5, 8, '2021-01-26', '2021-12-25', True),
('Davis', 'Sophia', 'F', 17, 50, 9, 9, '2020-11-22', '2021-11-08', True),
('Davis', 'Daniel', 'F', 12, 64, 4, 7, '2021-01-12', '2022-01-03', True),
('Garcia', 'Olivia', 'M', 27, 46, 7, 4, '2021-09-17', '2022-04-30', True),
('Williams', 'John', 'F', 18, 21, 9, 9, '2022-09-23', '2022-10-31', False),
('Smith', 'Olivia', 'F', 5, 54, 6, 2, '2021-10-24', '2022-04-05', True),
('Smith', 'Michael', 'M', 9, 10, 9, 9, '2020-10-14', '2021-08-10', True),
('Garcia', 'David', 'M', 28, 41, 4, 7, '2020-04-29', '2021-04-11', False),
('Brown', 'David', 'F', 25, 60, 1, 9, '2020-02-15', '2021-02-13', False),
('Williams', 'Emily', 'M', 18, 20, 9, 10, '2022-05-09', '2022-11-28', False),
('Johnson', 'Olivia', 'F', 20, 13, 9, 3, '2020-06-11', '2020-09-07', False),
('Davis', 'Sophia', 'F', 13, 87, 7, 2, '2020-08-29', '2020-09-25', False),
('Jones', 'Sophia', 'F', 17, 9, 5, 1, '2021-11-07', '2021-11-16', True),
('Smith', 'Olivia', 'F', 8, 92, 2, 1, '2021-08-27', '2022-03-18', False),
('Williams', 'Jane', 'F', 2, 36, 8, 8, '2020-11-07', '2021-04-22', True),
('Garcia', 'Matthew', 'F', 30, 70, 8, 2, '2020-09-09', '2021-03-12', True),
('Brown', 'Matthew', 'F', 15, 14, 2, 8, '2020-09-09', '2020-10-12', False),
('Smith', 'Olivia', 'M', 15, 73, 7, 7, '2020-10-05', '2021-07-13', False),
('Miller', 'Michael', 'M', 27, 72, 6, 7, '2020-05-04', '2021-02-26', False),
('Brown', 'Sophia', 'M', 16, 29, 8, 4, '2022-09-09', '2023-07-16', True),
('Jones', 'Jane', 'M', 25, 60, 6, 10, '2021-12-13', '2022-02-06', True),
('Jones', 'Daniel', 'M', 17, 8, 4, 5, '2022-01-25', '2022-10-22', True),
('Miller', 'Sophia', 'M', 8, 72, 4, 3, '2020-01-15', '2020-04-25', False),
('Davis', 'Michael', 'M', 17, 71, 7, 8, '2021-08-26', '2022-03-13', False),
('Rodriguez', 'Olivia', 'M', 11, 79, 10, 8, '2021-03-16', '2021-05-28', True),
('Garcia', 'Sophia', 'M', 14, 40, 6, 10, '2021-08-01', '2021-11-30', True),
('Brown', 'Michael', 'F', 10, 4, 9, 3, '2022-09-20', '2023-02-15', False),
('Johnson', 'Sophia', 'M', 25, 73, 1, 6, '2020-04-28', '2021-01-26', False),
('Miller', 'Michael', 'F', 19, 51, 5, 7, '2021-02-09', '2021-12-08', True),
('Garcia', 'Olivia', 'F', 7, 42, 8, 2, '2021-07-20', '2022-05-06', False),
('Jones', 'Daniel', 'F', 26, 29, 6, 5, '2020-01-05', '2020-12-06', True),
('Davis', 'Matthew', 'M', 8, 41, 4, 9, '2022-03-03', '2023-02-17', False),
('Miller', 'Jane', 'M', 7, 20, 2, 8, '2021-06-24', '2021-07-22', False),
('Williams', 'Emily', 'F', 30, 5, 6, 1, '2022-07-28', '2023-04-28', False),
('Rodriguez', 'Michael', 'M', 27, 34, 2, 10, '2020-01-20', '2020-07-19', False),
('Garcia', 'Sophia', 'M', 24, 17, 7, 3, '2021-08-10', '2022-05-02', True),
('Williams', 'Daniel', 'M', 13, 86, 4, 4, '2022-08-30', '2023-08-14', False),
('Brown', 'Jane', 'F', 10, 86, 3, 4, '2021-06-19', '2022-06-18', False),
('Martinez', 'John', 'M', 20, 91, 6, 5, '2022-01-20', '2022-09-16', True),
('Johnson', 'Jane', 'M', 12, 36, 3, 1, '2020-06-04', '2020-08-28', True),
('Williams', 'John', 'F', 12, 14, 10, 2, '2021-05-14', '2021-10-09', False),
('Garcia', 'Daniel', 'M', 5, 6, 9, 1, '2021-12-10', '2022-03-30', False),
('Davis', 'John', 'F', 8, 89, 7, 1, '2020-04-24', '2020-08-01', False),
('Rodriguez', 'Emily', 'F', 21, 1, 9, 2, '2021-09-15', '2021-11-29', True),
('Miller', 'Jane', 'M', 30, 86, 4, 5, '2020-12-20', '2020-12-25', True),
('Garcia', 'Emma', 'F', 6, 9, 7, 6, '2020-03-06', '2020-10-10', True),
('Jones', 'Michael', 'F', 17, 74, 3, 6, '2020-11-17', '2021-03-26', False),
('Rodriguez', 'Daniel', 'M', 29, 83, 1, 9, '2020-11-23', '2021-03-14', True),
('Miller', 'Sophia', 'M', 4, 3, 3, 4, '2020-08-14', '2021-03-10', True),
('Johnson', 'Emily', 'M', 30, 50, 4, 1, '2022-01-10', '2022-04-09', True),
('Jones', 'Emily', 'M', 22, 62, 8, 6, '2020-08-08', '2020-12-16', True),
('Martinez', 'Michael', 'F', 14, 53, 3, 9, '2022-05-15', '2023-04-05', False),
('Johnson', 'Sophia', 'M', 1, 67, 4, 3, '2021-12-02', '2022-11-06', False),
('Davis', 'John', 'F', 15, 68, 9, 6, '2022-06-28', '2023-01-21', False),
('Rodriguez', 'Daniel', 'F', 13, 29, 3, 4, '2022-01-30', '2022-03-29', True),
('Miller', 'Sophia', 'F', 19, 92, 1, 9, '2020-01-18', '2020-04-03', True),
('Garcia', 'John', 'M', 8, 6, 6, 5, '2021-04-08', '2022-02-05', True),
('Garcia', 'David', 'F', 23, 81, 2, 9, '2021-03-01', '2021-05-17', True),
('Martinez', 'Michael', 'M', 16, 41, 6, 4, '2022-05-05', '2023-03-20', False),
('Smith', 'Michael', 'M', 14, 63, 9, 10, '2021-01-08', '2021-08-08', False),
('Jones', 'John', 'F', 6, 45, 6, 8, '2021-07-26', '2021-08-23', True),
('Jones', 'Emma', 'M', 15, 15, 7, 10, '2020-09-09', '2021-05-09', False),
('Johnson', 'Emma', 'F', 6, 40, 1, 7, '2020-08-16', '2021-05-31', True),
('Smith', 'Jane', 'M', 30, 80, 1, 3, '2020-06-11', '2020-11-14', False),
('Miller', 'Daniel', 'M', 29, 80, 9, 5, '2021-06-15', '2021-11-28', True),
('Garcia', 'Michael', 'M', 8, 82, 4, 7, '2022-04-06', '2023-01-05', True),
('Garcia', 'Michael', 'M', 2, 72, 2, 4, '2020-05-31', '2020-11-13', True),
('Garcia', 'Emily', 'M', 18, 68, 8, 4, '2020-08-16', '2021-01-26', True),
('Martinez', 'John', 'M', 17, 18, 4, 1, '2021-08-18', '2022-05-07', False),
('Garcia', 'Sophia', 'F', 23, 32, 8, 3, '2022-04-08', '2023-04-02', False),
('Smith', 'Matthew', 'M', 8, 28, 10, 1, '2022-01-11', '2022-04-29', False),
('Brown', 'Daniel', 'M', 24, 92, 10, 3, '2021-02-01', '2021-11-22', True),
('Miller', 'Olivia', 'M', 28, 82, 1, 3, '2020-07-19', '2021-02-22', True),
('Jones', 'David', 'M', 29, 87, 6, 3, '2022-02-22', '2022-08-23', False),
('Rodriguez', 'Michael', 'F', 21, 62, 10, 10, '2021-08-16', '2022-01-10', False),
('Smith', 'Emily', 'F', 18, 73, 4, 7, '2020-08-02', '2020-09-12', True),
('Martinez', 'Michael', 'F', 4, 8, 9, 4, '2020-04-04', '2020-12-10', False),
('Brown', 'Emma', 'M', 18, 32, 7, 6, '2022-07-06', '2023-05-25', True),
('Davis', 'Emily', 'F', 14, 16, 2, 9, '2022-08-29', '2022-09-07', False),
('Miller', 'Jane', 'M', 16, 5, 1, 4, '2022-04-22', '2022-06-21', False),
('Martinez', 'Jane', 'M', 7, 92, 2, 6, '2020-04-18', '2020-08-13', True),
('Johnson', 'Michael', 'F', 7, 11, 4, 3, '2021-10-30', '2021-11-23', True),
('Smith', 'John', 'F', 24, 34, 8, 2, '2022-09-26', '2022-11-29', True),
('Smith', 'Emma', 'M', 8, 95, 7, 9, '2020-04-26', '2021-02-05', False),
('Rodriguez', 'Daniel', 'F', 12, 33, 6, 4, '2020-11-16', '2021-05-17', True),
('Davis', 'Daniel', 'F', 21, 63, 6, 10, '2020-04-07', '2021-02-11', True),
('Williams', 'John', 'F', 16, 54, 7, 10, '2020-10-02', '2021-03-25', True),
('Davis', 'Matthew', 'F', 13, 54, 8, 1, '2021-12-08', '2022-06-07', False),
('Martinez', 'Matthew', 'M', 13, 29, 4, 4, '2020-10-17', '2021-08-05', True),
('Miller', 'Jane', 'F', 24, 100, 7, 6, '2021-03-06', '2021-06-12', False),
('Williams', 'John', 'F', 12, 14, 5, 3, '2022-06-29', '2022-10-27', True),
('Davis', 'Jane', 'F', 10, 82, 10, 10, '2022-02-10', '2022-03-27', False),
('Brown', 'Olivia', 'M', 1, 8, 6, 2, '2020-07-29', '2021-01-26', False),
('Smith', 'Michael', 'M', 25, 5, 1, 6, '2020-02-05', '2020-06-17', False),
('Smith', 'Emily', 'F', 4, 1, 10, 4, '2022-02-14', '2022-12-31', True),
('Jones', 'Olivia', 'F', 26, 46, 8, 1, '2020-12-04', '2021-09-12', False),
('Johnson', 'Sophia', 'M', 1, 57, 2, 3, '2021-01-12', '2021-05-15', True),
('Smith', 'David', 'F', 21, 46, 3, 5, '2020-04-24', '2020-06-06', True),
('Johnson', 'Daniel', 'F', 25, 61, 9, 10, '2020-06-28', '2021-05-17', True),
('Williams', 'Matthew', 'F', 26, 8, 6, 3, '2021-04-12', '2021-09-06', False),
('Davis', 'Emily', 'F', 6, 46, 2, 10, '2022-07-22', '2023-01-26', True),
('Rodriguez', 'David', 'F', 19, 40, 2, 9, '2020-03-03', '2020-05-18', False),
('Martinez', 'Emily', 'M', 2, 9, 4, 4, '2021-09-09', '2022-07-14', True),
('Rodriguez', 'Jane', 'M', 7, 53, 10, 4, '2021-06-16', '2021-08-16', False),
('Jones', 'David', 'F', 16, 13, 8, 1, '2020-05-29', '2020-11-19', False),
('Garcia', 'Matthew', 'M', 11, 27, 8, 4, '2021-02-19', '2021-08-02', True),
('Rodriguez', 'Emma', 'F', 15, 17, 6, 6, '2020-09-07', '2021-03-01', True),
('Smith', 'Michael', 'F', 24, 80, 3, 1, '2021-10-24', '2022-01-18', False),
('Miller', 'Matthew', 'M', 10, 82, 5, 6, '2020-12-16', '2021-05-07', True),
('Smith', 'Michael', 'M', 17, 94, 8, 1, '2022-09-23', '2023-08-14', False),
('Miller', 'Emma', 'F', 14, 99, 5, 3, '2020-01-11', '2020-07-23', False),
('Jones', 'Michael', 'F', 19, 59, 6, 7, '2021-06-07', '2022-01-15', False),
('Garcia', 'Matthew', 'F', 13, 34, 3, 2, '2021-07-14', '2021-09-02', False),
('Miller', 'Olivia', 'M', 15, 39, 1, 10, '2021-05-24', '2022-05-06', False),
('Brown', 'David', 'M', 17, 49, 7, 5, '2020-12-31', '2021-12-09', True),
('Brown', 'Jane', 'M', 24, 15, 5, 10, '2021-12-31', '2022-12-13', True),
('Smith', 'Jane', 'M', 15, 90, 3, 2, '2021-07-11', '2021-08-25', False),
('Miller', 'Olivia', 'M', 18, 16, 9, 1, '2021-04-25', '2021-10-13', False),
('Williams', 'Sophia', 'F', 17, 43, 4, 10, '2022-01-17', '2022-08-12', False),
('Martinez', 'Matthew', 'M', 9, 24, 4, 1, '2022-07-27', '2023-03-05', True),
('Davis', 'Emily', 'F', 28, 95, 4, 6, '2020-04-03', '2021-01-02', True),
('Williams', 'Sophia', 'F', 23, 43, 8, 2, '2022-03-04', '2022-09-14', False),
('Williams', 'David', 'M', 11, 43, 2, 10, '2022-07-10', '2022-12-25', True),
('Brown', 'Emily', 'M', 20, 6, 1, 3, '2021-08-03', '2021-09-23', False),
('Garcia', 'Emily', 'F', 24, 17, 2, 2, '2020-04-30', '2020-10-10', True),
('Rodriguez', 'Michael', 'M', 12, 47, 7, 8, '2021-06-27', '2021-08-05', True),
('Garcia', 'Olivia', 'M', 15, 39, 9, 6, '2020-11-18', '2021-01-31', True),
('Garcia', 'David', 'F', 4, 23, 10, 10, '2020-04-03', '2020-07-01', True),
('Smith', 'Michael', 'M', 4, 35, 6, 3, '2021-11-11', '2022-10-15', True),
('Williams', 'Michael', 'M', 30, 80, 10, 9, '2020-11-19', '2021-03-12', True),
('Martinez', 'Emily', 'M', 19, 99, 5, 8, '2022-05-21', '2022-11-24', False),
('Rodriguez', 'John', 'M', 10, 46, 8, 10, '2021-10-23', '2022-05-23', True),
('Miller', 'Matthew', 'M', 11, 18, 7, 6, '2021-03-17', '2021-12-07', True),
('Davis', 'David', 'F', 4, 12, 9, 6, '2020-06-09', '2020-11-16', True),
('Brown', 'David', 'F', 25, 80, 8, 8, '2021-12-22', '2022-03-02', True),
('Jones', 'Emma', 'M', 28, 47, 10, 7, '2020-08-20', '2020-09-22', True),
('Johnson', 'John', 'F', 26, 90, 6, 1, '2022-06-17', '2022-08-13', False),
('Smith', 'Daniel', 'F', 20, 59, 7, 10, '2020-12-27', '2021-01-12', True),
('Miller', 'Olivia', 'M', 25, 59, 10, 1, '2020-09-10', '2021-05-05', False),
('Brown', 'John', 'M', 15, 74, 4, 8, '2021-02-10', '2021-07-23', False),
('Brown', 'Michael', 'F', 3, 95, 10, 7, '2021-07-08', '2022-03-04', True),
('Brown', 'John', 'F', 13, 48, 1, 5, '2020-05-11', '2021-05-06', False),
('Garcia', 'John', 'M', 11, 60, 9, 5, '2020-01-25', '2020-02-11', False),
('Williams', 'Sophia', 'M', 3, 22, 6, 9, '2020-12-05', '2021-08-05', True),
('Brown', 'John', 'M', 14, 73, 3, 2, '2020-06-23', '2020-11-22', False),
('Johnson', 'David', 'M', 19, 75, 6, 5, '2022-05-08', '2023-04-22', False),
('Garcia', 'Sophia', 'M', 17, 33, 10, 4, '2022-09-19', '2023-01-24', False),
('Martinez', 'Olivia', 'F', 15, 69, 4, 3, '2021-10-28', '2022-09-10', False),
('Brown', 'Daniel', 'M', 30, 7, 9, 10, '2021-07-07', '2022-01-04', True),
('Smith', 'Olivia', 'M', 18, 54, 3, 7, '2021-02-15', '2021-09-10', True),
('Miller', 'David', 'M', 17, 19, 2, 5, '2020-10-17', '2021-01-28', True),
('Johnson', 'Emma', 'F', 29, 47, 9, 3, '2022-03-22', '2023-01-09', True),
('Rodriguez', 'Emily', 'F', 24, 83, 4, 8, '2020-10-11', '2021-02-12', False),
('Jones', 'Matthew', 'M', 2, 88, 7, 1, '2022-01-26', '2022-04-08', True),
('Rodriguez', 'Sophia', 'M', 16, 58, 8, 7, '2022-03-21', '2023-01-30', True),
('Jones', 'David', 'F', 1, 57, 10, 7, '2020-01-06', '2021-01-05', False),
('Williams', 'Emma', 'F', 15, 70, 9, 3, '2020-04-03', '2020-10-29', True),
('Martinez', 'Daniel', 'F', 18, 41, 3, 2, '2021-10-07', '2022-10-04', False),
('Garcia', 'Emma', 'F', 17, 8, 10, 4, '2020-01-23', '2020-07-21', False),
('Jones', 'Sophia', 'F', 2, 72, 1, 10, '2021-02-11', '2022-01-16', True),
('Miller', 'Olivia', 'M', 30, 98, 4, 5, '2020-10-19', '2020-12-06', False),
('Davis', 'Olivia', 'F', 12, 65, 3, 6, '2021-11-19', '2022-07-11', False),
('Jones', 'Michael', 'M', 10, 76, 9, 9, '2021-01-28', '2021-08-02', True),
('Miller', 'Olivia', 'F', 10, 37, 4, 10, '2022-02-26', '2023-02-03', False),
('Rodriguez', 'Daniel', 'F', 5, 42, 7, 9, '2021-06-26', '2021-08-29', False),
('Miller', 'John', 'M', 4, 35, 5, 1, '2022-03-21', '2023-03-19', True),
('Martinez', 'John', 'M', 6, 80, 6, 7, '2020-07-28', '2020-12-21', False),
('Brown', 'John', 'M', 21, 70, 8, 1, '2020-11-13', '2021-07-10', True),
('Davis', 'John', 'F', 5, 84, 4, 5, '2021-12-20', '2022-01-03', False),
('Garcia', 'David', 'F', 8, 97, 10, 10, '2022-07-07', '2023-03-31', True),
('Davis', 'Michael', 'F', 11, 43, 6, 5, '2022-02-25', '2022-07-18', False),
('Brown', 'Jane', 'M', 29, 44, 2, 10, '2022-09-09', '2022-10-23', True),
('Jones', 'Matthew', 'F', 12, 67, 6, 6, '2020-07-27', '2020-12-03', True),
('Jones', 'Jane', 'M', 24, 34, 3, 3, '2021-05-04', '2022-01-12', False),
('Rodriguez', 'Michael', 'M', 4, 78, 9, 3, '2020-11-29', '2021-09-01', True),
('Martinez', 'Sophia', 'F', 30, 19, 1, 3, '2020-08-28', '2020-11-13', True),
('Williams', 'Emily', 'F', 11, 60, 3, 8, '2020-03-15', '2020-10-07', True),
('Davis', 'Emily', 'F', 1, 16, 2, 1, '2022-01-24', '2022-04-12', False),
('Martinez', 'Matthew', 'F', 15, 65, 9, 3, '2020-06-02', '2020-10-14', True),
('Smith', 'Matthew', 'M', 5, 66, 6, 7, '2020-09-13', '2021-05-25', True),
('Johnson', 'David', 'M', 6, 10, 10, 5, '2020-02-03', '2020-06-01', True),
('Davis', 'John', 'M', 30, 62, 2, 9, '2021-07-21', '2021-08-25', False),
('Smith', 'Emily', 'M', 24, 45, 5, 3, '2021-03-09', '2021-12-24', True),
('Johnson', 'Matthew', 'F', 30, 48, 3, 4, '2022-06-12', '2022-10-18', True),
('Martinez', 'David', 'F', 6, 90, 1, 5, '2020-10-24', '2021-06-24', True),
('Johnson', 'Michael', 'M', 26, 50, 6, 8, '2022-01-31', '2022-05-30', False),
('Johnson', 'Emily', 'F', 15, 64, 8, 9, '2022-03-11', '2022-06-23', False),
('Smith', 'David', 'M', 12, 67, 10, 8, '2021-01-26', '2021-06-17', True),
('Smith', 'David', 'M', 15, 21, 7, 1, '2020-09-14', '2021-02-17', False),
('Smith', 'Emily', 'F', 24, 72, 2, 10, '2022-01-04', '2022-06-14', True),
('Brown', 'Matthew', 'M', 30, 51, 6, 9, '2020-04-14', '2020-12-11', False),
('Williams', 'Matthew', 'F', 7, 67, 6, 7, '2021-03-23', '2021-04-13', True),
('Williams', 'Matthew', 'M', 17, 9, 9, 3, '2020-05-11', '2021-02-16', False),
('Jones', 'John', 'F', 29, 77, 4, 2, '2021-11-25', '2022-01-08', True),
('Miller', 'Emma', 'M', 1, 77, 5, 8, '2020-08-09', '2020-09-02', False),
('Williams', 'John', 'M', 2, 33, 1, 5, '2020-09-22', '2020-11-13', False),
('Johnson', 'Olivia', 'F', 21, 60, 5, 2, '2020-10-05', '2021-06-22', True),
('Martinez', 'David', 'F', 7, 10, 3, 2, '2020-03-17', '2020-07-16', False),
('Martinez', 'Daniel', 'M', 17, 4, 7, 7, '2022-01-18', '2022-12-24', True),
('Smith', 'Daniel', 'M', 17, 5, 8, 1, '2021-07-10', '2021-11-07', False),
('Brown', 'Olivia', 'F', 28, 75, 3, 3, '2020-07-01', '2021-01-01', True),
('Smith', 'Olivia', 'F', 15, 74, 6, 8, '2020-01-01', '2020-09-21', True),
('Jones', 'Sophia', 'F', 17, 77, 1, 6, '2021-02-06', '2022-01-08', False),
('Rodriguez', 'Jane', 'F', 22, 3, 6, 8, '2022-04-13', '2023-03-25', False),
('Brown', 'John', 'F', 21, 79, 6, 2, '2021-07-11', '2022-06-04', False),
('Johnson', 'Jane', 'F', 4, 78, 2, 8, '2020-04-17', '2021-03-20', True),
('Williams', 'Matthew', 'F', 11, 76, 7, 7, '2021-11-25', '2022-09-12', False),
('Jones', 'Olivia', 'F', 28, 85, 1, 5, '2022-06-10', '2023-01-29', False),
('Garcia', 'Daniel', 'M', 15, 49, 2, 8, '2020-03-08', '2020-05-20', True),
('Jones', 'John', 'M', 11, 10, 10, 2, '2020-12-17', '2021-09-16', True),
('Martinez', 'Matthew', 'M', 16, 23, 7, 6, '2022-05-29', '2022-10-30', False),
('Martinez', 'Daniel', 'M', 30, 67, 9, 4, '2022-09-27', '2022-10-16', False),
('Rodriguez', 'Matthew', 'F', 26, 66, 2, 10, '2021-09-22', '2022-04-27', True),
('Martinez', 'Daniel', 'F', 15, 60, 6, 2, '2020-04-13', '2021-02-24', False),
('Rodriguez', 'John', 'M', 30, 46, 5, 10, '2021-09-20', '2021-11-23', False),
('Martinez', 'Emma', 'M', 27, 8, 4, 4, '2021-04-09', '2021-05-29', False),
('Smith', 'Matthew', 'F', 28, 95, 9, 4, '2022-06-06', '2023-01-19', False),
('Martinez', 'Jane', 'F', 10, 26, 5, 1, '2020-01-12', '2020-12-11', False),
('Johnson', 'Emma', 'M', 30, 93, 6, 2, '2022-01-20', '2022-08-12', True),
('Williams', 'Jane', 'M', 3, 49, 6, 5, '2021-08-09', '2022-06-15', False),
('Johnson', 'John', 'M', 9, 82, 7, 8, '2020-05-14', '2020-05-20', False),
('Smith', 'Sophia', 'M', 27, 60, 4, 4, '2020-09-22', '2021-02-24', False),
('Johnson', 'Emma', 'F', 10, 19, 4, 6, '2020-04-24', '2020-08-19', True),
('Martinez', 'Sophia', 'F', 11, 31, 8, 10, '2022-04-09', '2022-10-15', True),
('Davis', 'David', 'M', 3, 62, 1, 8, '2020-04-03', '2020-07-13', True),
('Johnson', 'John', 'F', 10, 72, 3, 3, '2021-02-01', '2021-09-12', True),
('Williams', 'David', 'M', 11, 64, 3, 3, '2021-07-20', '2021-09-14', True),
('Garcia', 'Sophia', 'M', 13, 47, 10, 8, '2021-01-28', '2021-04-27', True),
('Martinez', 'Sophia', 'F', 16, 28, 2, 6, '2020-10-28', '2020-11-28', True),
('Johnson', 'Emma', 'F', 21, 94, 4, 10, '2020-02-25', '2020-04-03', False),
('Miller', 'Michael', 'F', 24, 43, 7, 5, '2021-12-06', '2022-11-23', False),
('Miller', 'Emily', 'F', 24, 53, 3, 3, '2021-08-07', '2021-08-14', False),
('Davis', 'Emma', 'M', 13, 33, 4, 6, '2020-04-02', '2021-01-26', False),
('Garcia', 'Michael', 'M', 13, 53, 2, 10, '2021-08-25', '2021-10-12', False),
('Jones', 'Michael', 'M', 9, 32, 3, 5, '2020-01-07', '2020-02-08', False),
('Rodriguez', 'Emily', 'M', 12, 48, 4, 3, '2020-07-13', '2021-02-12', False),
('Davis', 'Sophia', 'M', 26, 12, 8, 4, '2020-12-25', '2021-06-04', False),
('Davis', 'Olivia', 'M', 19, 35, 6, 5, '2022-09-21', '2022-10-02', False),
('Brown', 'Jane', 'M', 9, 52, 10, 2, '2020-08-28', '2021-01-13', False),
('Miller', 'Olivia', 'F', 21, 88, 9, 8, '2020-08-03', '2020-10-02', True),
('Johnson', 'John', 'M', 8, 4, 10, 7, '2020-03-03', '2020-06-01', True),
('Rodriguez', 'Olivia', 'F', 7, 93, 5, 10, '2021-06-11', '2021-12-06', True),
('Williams', 'Olivia', 'F', 11, 39, 6, 3, '2020-03-25', '2021-03-10', False),
('Brown', 'Daniel', 'M', 13, 97, 7, 9, '2022-05-12', '2022-07-24', False),
('Williams', 'David', 'F', 26, 82, 9, 4, '2021-09-06', '2022-01-04', True),
('Jones', 'Emily', 'F', 30, 82, 5, 4, '2021-11-15', '2022-01-07', True),
('Miller', 'John', 'F', 27, 32, 1, 6, '2020-09-28', '2021-01-08', True),
('Smith', 'David', 'F', 11, 98, 9, 9, '2021-12-17', '2022-11-14', True),
('Martinez', 'Daniel', 'F', 23, 32, 7, 3, '2021-09-15', '2022-05-01', True),
('Smith', 'Jane', 'M', 28, 69, 5, 3, '2020-08-05', '2020-12-24', True),
('Garcia', 'Daniel', 'F', 17, 60, 9, 3, '2022-01-25', '2022-02-04', True),
('Davis', 'John', 'M', 25, 37, 4, 9, '2021-01-27', '2021-08-14', False),
('Jones', 'Daniel', 'F', 15, 95, 3, 7, '2021-10-28', '2022-10-11', True),
('Jones', 'Sophia', 'M', 15, 12, 7, 3, '2020-07-18', '2021-06-21', True),
('Miller', 'Jane', 'F', 25, 61, 4, 1, '2021-07-30', '2021-09-15', False),
('Smith', 'Matthew', 'F', 22, 79, 6, 7, '2020-09-05', '2021-01-08', False),
('Rodriguez', 'Emily', 'F', 5, 24, 10, 5, '2022-06-13', '2023-03-28', True),
('Garcia', 'Jane', 'F', 16, 30, 2, 9, '2021-08-21', '2022-05-23', False),
('Rodriguez', 'Emma', 'F', 1, 54, 5, 1, '2021-03-24', '2022-02-06', False),
('Garcia', 'Sophia', 'M', 30, 24, 2, 9, '2020-09-25', '2021-07-26', False),
('Rodriguez', 'David', 'F', 2, 56, 6, 9, '2020-08-29', '2021-02-23', True),
('Garcia', 'Olivia', 'F', 27, 39, 3, 9, '2021-01-31', '2021-07-03', True),
('Garcia', 'John', 'F', 2, 40, 8, 2, '2020-07-31', '2020-10-25', True),
('Williams', 'David', 'F', 9, 48, 2, 4, '2020-04-10', '2020-11-20', False),
('Martinez', 'Daniel', 'M', 15, 92, 10, 7, '2021-04-09', '2021-04-22', False),
('Johnson', 'Emily', 'M', 16, 33, 1, 10, '2022-09-24', '2022-11-03', False),
('Garcia', 'Olivia', 'F', 4, 51, 3, 8, '2022-02-16', '2022-04-04', True),
('Brown', 'Matthew', 'M', 4, 100, 3, 7, '2022-09-08', '2023-08-20', True),
('Brown', 'Matthew', 'F', 19, 64, 7, 4, '2021-12-13', '2022-08-27', True),
('Brown', 'Sophia', 'M', 21, 40, 3, 1, '2020-08-06', '2021-04-04', True),
('Jones', 'Emily', 'M', 8, 65, 3, 10, '2021-07-17', '2021-10-27', False),
('Miller', 'Matthew', 'M', 13, 37, 7, 3, '2021-08-09', '2021-10-22', False),
('Garcia', 'David', 'F', 1, 92, 5, 4, '2021-03-16', '2022-02-27', False),
('Miller', 'Emily', 'M', 5, 17, 9, 4, '2021-06-03', '2021-09-13', True),
('Brown', 'Daniel', 'F', 9, 77, 2, 9, '2021-12-28', '2022-10-14', True),
('Davis', 'Emily', 'F', 30, 41, 6, 8, '2021-12-14', '2022-08-27', False),
('Martinez', 'Michael', 'F', 7, 57, 1, 5, '2021-03-29', '2021-08-19', True),
('Rodriguez', 'Michael', 'F', 29, 81, 7, 5, '2022-03-25', '2022-07-07', False),
('Johnson', 'Daniel', 'F', 29, 12, 8, 5, '2020-08-27', '2021-04-30', True),
('Rodriguez', 'Matthew', 'M', 27, 9, 7, 7, '2022-03-17', '2022-05-24', False),
('Martinez', 'Olivia', 'F', 1, 26, 3, 5, '2020-02-08', '2020-11-13', False),
('Rodriguez', 'Olivia', 'F', 2, 42, 6, 1, '2020-07-14', '2021-03-20', True),
('Williams', 'Sophia', 'F', 13, 48, 5, 5, '2020-03-08', '2021-01-02', False),
('Martinez', 'Emma', 'M', 10, 96, 1, 3, '2021-01-03', '2021-02-01', True),
('Jones', 'Olivia', 'M', 3, 74, 2, 1, '2021-03-20', '2021-04-01', False),
('Garcia', 'Olivia', 'M', 30, 33, 1, 1, '2020-06-25', '2021-03-19', False),
('Davis', 'Jane', 'F', 13, 22, 7, 7, '2021-08-04', '2022-03-23', False),
('Williams', 'Sophia', 'M', 26, 51, 5, 5, '2022-07-07', '2022-11-16', False),
('Williams', 'David', 'M', 2, 69, 5, 3, '2021-07-06', '2022-05-28', True),
('Brown', 'Emily', 'F', 13, 79, 4, 7, '2020-05-27', '2020-09-01', True),
('Martinez', 'Michael', 'F', 27, 96, 5, 5, '2021-07-13', '2022-05-11', True),
('Rodriguez', 'Emma', 'M', 11, 71, 6, 6, '2020-03-23', '2020-08-12', False),
('Garcia', 'David', 'F', 6, 5, 9, 5, '2021-05-23', '2022-05-23', True),
('Garcia', 'Olivia', 'F', 15, 74, 8, 1, '2020-09-27', '2020-11-03', False),
('Davis', 'Jane', 'F', 29, 31, 3, 10, '2020-05-22', '2020-08-12', True),
('Davis', 'Sophia', 'M', 30, 19, 6, 3, '2021-04-07', '2021-10-03', False),
('Rodriguez', 'Michael', 'M', 18, 91, 2, 1, '2022-07-09', '2022-08-22', True),
('Garcia', 'Daniel', 'M', 27, 14, 10, 6, '2021-05-29', '2022-01-02', True),
('Jones', 'Emma', 'M', 25, 41, 5, 10, '2021-03-29', '2021-12-12', True),
('Martinez', 'Jane', 'M', 15, 24, 8, 10, '2021-10-11', '2021-12-06', False),
('Davis', 'Jane', 'F', 19, 95, 5, 9, '2020-09-06', '2021-06-29', True),
('Jones', 'Michael', 'F', 25, 53, 10, 10, '2020-04-11', '2021-03-15', False),
('Smith', 'Olivia', 'F', 13, 76, 8, 8, '2022-01-04', '2022-05-29', True),
('Rodriguez', 'Olivia', 'F', 6, 79, 5, 7, '2022-06-10', '2023-01-19', False),
('Jones', 'Emma', 'F', 21, 26, 9, 3, '2022-04-19', '2022-11-06', True),
('Garcia', 'Olivia', 'F', 6, 8, 9, 10, '2022-07-20', '2023-06-06', True),
('Garcia', 'Olivia', 'F', 3, 26, 6, 9, '2022-08-01', '2023-04-24', True),
('Jones', 'Emma', 'M', 27, 18, 6, 7, '2020-07-28', '2021-01-15', False),
('Williams', 'John', 'M', 26, 50, 2, 7, '2022-01-29', '2022-06-23', True),
('Davis', 'John', 'F', 30, 3, 7, 3, '2021-03-04', '2022-02-21', True),
('Davis', 'Emma', 'M', 1, 38, 7, 1, '2022-04-22', '2022-06-02', True),
('Williams', 'Jane', 'M', 9, 44, 5, 7, '2021-09-04', '2022-08-27', False),
('Davis', 'Daniel', 'M', 10, 81, 5, 10, '2020-02-18', '2020-03-01', False),
('Jones', 'Jane', 'F', 3, 66, 10, 2, '2020-04-03', '2021-01-13', False),
('Miller', 'Jane', 'M', 30, 20, 7, 9, '2021-02-27', '2021-10-09', True),
('Jones', 'Sophia', 'F', 11, 19, 1, 5, '2021-11-26', '2022-04-21', False),
('Williams', 'Olivia', 'M', 20, 20, 5, 9, '2022-07-13', '2022-12-27', True),
('Martinez', 'Emily', 'F', 10, 77, 4, 4, '2020-06-05', '2020-08-23', True),
('Jones', 'Michael', 'M', 20, 62, 1, 6, '2021-12-21', '2022-05-22', True),
('Garcia', 'Jane', 'F', 9, 33, 2, 9, '2020-05-08', '2020-08-16', True),
('Williams', 'Daniel', 'F', 21, 76, 2, 6, '2020-04-18', '2020-11-06', False),
('Rodriguez', 'Daniel', 'M', 10, 32, 1, 7, '2021-06-23', '2021-11-13', False),
('Davis', 'Matthew', 'F', 21, 27, 3, 7, '2020-05-28', '2020-07-01', False),
('Brown', 'Emma', 'M', 7, 76, 10, 7, '2022-04-30', '2022-11-16', True),
('Johnson', 'Olivia', 'M', 27, 88, 10, 6, '2021-03-09', '2021-03-30', True),
('Martinez', 'Sophia', 'F', 17, 51, 5, 9, '2022-06-17', '2022-08-29', False),
('Brown', 'David', 'F', 24, 7, 10, 2, '2021-11-02', '2022-07-10', True),
('Martinez', 'John', 'F', 29, 52, 10, 7, '2020-03-11', '2020-09-12', True),
('Martinez', 'David', 'F', 14, 71, 5, 7, '2022-05-26', '2022-12-17', False),
('Rodriguez', 'John', 'M', 13, 39, 2, 1, '2021-10-30', '2022-06-27', False),
('Miller', 'David', 'F', 19, 87, 10, 8, '2020-03-04', '2020-04-27', True),
('Davis', 'John', 'M', 25, 2, 8, 2, '2021-05-19', '2021-12-26', False),
('Jones', 'Sophia', 'F', 11, 82, 4, 9, '2020-07-03', '2021-05-27', False),
('Jones', 'Emma', 'M', 10, 36, 10, 4, '2020-01-15', '2020-09-05', True),
('Williams', 'Matthew', 'F', 13, 3, 6, 10, '2021-02-15', '2021-08-21', True),
('Williams', 'John', 'M', 7, 67, 6, 1, '2020-03-14', '2020-05-10', False),
('Johnson', 'David', 'M', 2, 78, 8, 5, '2021-05-28', '2021-07-03', False),
('Jones', 'Emma', 'M', 4, 20, 6, 2, '2020-09-22', '2021-06-13', False),
('Rodriguez', 'John', 'F', 26, 92, 9, 10, '2021-09-29', '2022-08-12', False),
('Martinez', 'Daniel', 'F', 7, 25, 10, 9, '2020-09-15', '2020-10-06', True),
('Miller', 'Olivia', 'M', 27, 89, 9, 9, '2021-07-04', '2021-10-12', True),
('Smith', 'Matthew', 'F', 21, 13, 8, 2, '2020-07-13', '2021-04-14', True),
('Johnson', 'Daniel', 'F', 19, 90, 2, 4, '2021-10-01', '2022-07-18', False),
('Brown', 'Daniel', 'M', 8, 64, 1, 7, '2021-01-12', '2021-12-20', False),
('Rodriguez', 'Michael', 'M', 12, 99, 4, 4, '2021-04-14', '2022-01-17', True),
('Martinez', 'Matthew', 'M', 19, 90, 10, 3, '2021-11-02', '2022-03-29', False),
('Jones', 'Michael', 'F', 30, 36, 4, 1, '2022-04-05', '2022-08-31', True),
('Davis', 'Michael', 'F', 13, 78, 5, 6, '2020-01-09', '2020-07-21', True),
('Jones', 'Emily', 'F', 27, 86, 4, 1, '2020-02-29', '2020-12-03', True),
('Williams', 'Michael', 'M', 11, 24, 4, 7, '2021-06-12', '2021-08-02', True),
('Rodriguez', 'Emma', 'F', 29, 86, 4, 2, '2021-11-06', '2022-03-22', True),
('Garcia', 'David', 'M', 5, 96, 7, 9, '2022-08-15', '2022-11-06', True),
('Martinez', 'Sophia', 'M', 14, 93, 1, 10, '2021-02-24', '2021-06-15', True),
('Martinez', 'Emily', 'F', 11, 23, 4, 8, '2022-01-23', '2022-08-19', True),
('Garcia', 'Jane', 'F', 22, 63, 3, 9, '2022-01-31', '2022-08-24', False),
('Garcia', 'Matthew', 'M', 15, 25, 1, 8, '2021-11-13', '2022-01-31', False),
('Rodriguez', 'Sophia', 'F', 1, 16, 7, 2, '2021-09-04', '2022-03-07', True),
('Miller', 'John', 'F', 30, 32, 7, 9, '2021-08-08', '2021-10-22', True),
('Garcia', 'Emma', 'F', 8, 19, 5, 7, '2020-02-01', '2020-11-11', True),
('Smith', 'David', 'M', 28, 100, 6, 9, '2020-04-26', '2020-09-15', True),
('Rodriguez', 'David', 'M', 22, 82, 1, 3, '2020-06-23', '2020-11-28', False),
('Rodriguez', 'David', 'F', 13, 78, 4, 10, '2020-01-24', '2020-05-02', True),
('Rodriguez', 'Matthew', 'M', 29, 89, 5, 9, '2022-05-07', '2022-10-30', True),
('Rodriguez', 'Emma', 'M', 1, 42, 1, 10, '2021-10-10', '2022-05-24', False),
('Jones', 'Olivia', 'F', 21, 68, 7, 4, '2020-06-18', '2020-10-23', True),
('Smith', 'Michael', 'F', 17, 88, 2, 1, '2021-01-07', '2021-11-02', True),
('Johnson', 'Jane', 'F', 1, 83, 9, 2, '2020-11-17', '2021-07-08', True),
('Brown', 'Jane', 'F', 23, 97, 5, 9, '2020-01-27', '2020-08-20', False),
('Garcia', 'David', 'M', 20, 45, 10, 9, '2020-12-07', '2021-11-22', False),
('Davis', 'Emma', 'F', 6, 74, 7, 1, '2021-11-05', '2022-09-25', True),
('Miller', 'Daniel', 'M', 20, 60, 1, 10, '2020-09-25', '2020-11-22', False),
('Johnson', 'David', 'M', 30, 50, 5, 7, '2021-02-24', '2022-01-09', True),
('Rodriguez', 'Sophia', 'M', 1, 1, 5, 10, '2020-01-16', '2020-12-05', True),
('Rodriguez', 'Emily', 'F', 24, 36, 1, 3, '2020-10-01', '2021-09-01', True),
('Williams', 'Jane', 'F', 16, 66, 9, 10, '2020-02-22', '2021-02-09', True),
('Garcia', 'Matthew', 'F', 13, 45, 9, 7, '2020-01-09', '2020-02-06', True),
('Brown', 'Jane', 'M', 6, 83, 9, 1, '2022-04-18', '2023-02-11', True),
('Martinez', 'Matthew', 'M', 27, 21, 8, 1, '2021-03-02', '2022-02-08', False),
('Jones', 'Jane', 'M', 6, 39, 1, 3, '2020-10-25', '2021-04-27', True),
('Miller', 'Emma', 'F', 29, 76, 9, 3, '2022-02-14', '2022-02-26', True),
('Smith', 'Jane', 'F', 21, 28, 9, 4, '2022-07-30', '2022-09-01', True),
('Davis', 'Sophia', 'F', 1, 9, 9, 10, '2020-10-07', '2021-05-16', True),
('Miller', 'Emma', 'F', 11, 55, 6, 2, '2020-01-16', '2020-01-29', False),
('Johnson', 'Daniel', 'M', 24, 26, 3, 7, '2021-10-16', '2021-12-09', True),
('Williams', 'Michael', 'F', 18, 79, 5, 5, '2021-08-23', '2022-07-18', True),
('Miller', 'Matthew', 'M', 20, 93, 7, 3, '2021-10-13', '2022-06-14', True),
('Smith', 'David', 'M', 12, 71, 5, 9, '2022-06-27', '2022-09-30', False),
('Davis', 'Matthew', 'M', 23, 17, 9, 10, '2021-05-10', '2022-01-05', True),
('Brown', 'Matthew', 'M', 5, 35, 10, 2, '2021-09-17', '2021-11-28', True),
('Johnson', 'Emma', 'M', 21, 2, 6, 1, '2020-07-21', '2020-11-11', True),
('Davis', 'Jane', 'M', 24, 33, 1, 2, '2022-02-21', '2022-03-26', True),
('Miller', 'Emily', 'M', 7, 28, 1, 6, '2021-08-12', '2021-09-17', False),
('Martinez', 'John', 'F', 8, 17, 4, 1, '2022-07-02', '2023-05-18', False),
('Jones', 'Daniel', 'F', 25, 2, 1, 9, '2021-01-06', '2021-03-03', True),
('Smith', 'Emily', 'F', 9, 8, 10, 9, '2020-03-19', '2020-11-13', True),
('Brown', 'Jane', 'F', 26, 11, 7, 1, '2021-07-09', '2021-12-02', True),
('Garcia', 'Michael', 'M', 13, 99, 9, 8, '2021-12-20', '2022-11-07', True),
('Garcia', 'David', 'F', 23, 40, 3, 2, '2021-12-29', '2022-07-22', False),
('Williams', 'Matthew', 'F', 27, 97, 10, 10, '2020-09-13', '2021-07-24', True),
('Davis', 'Michael', 'F', 14, 81, 1, 5, '2021-06-28', '2022-01-11', False),
('Brown', 'Daniel', 'F', 27, 16, 2, 5, '2020-01-02', '2020-05-02', False),
('Davis', 'John', 'M', 12, 58, 3, 4, '2022-01-19', '2022-06-23', False),
('Miller', 'Olivia', 'M', 12, 9, 3, 5, '2021-12-26', '2022-11-23', False),
('Garcia', 'Michael', 'F', 2, 80, 5, 6, '2021-12-31', '2022-08-13', False),
('Johnson', 'Sophia', 'M', 23, 12, 5, 3, '2021-06-19', '2022-03-20', False),
('Brown', 'Matthew', 'F', 13, 14, 9, 7, '2020-01-18', '2020-01-25', False),
('Miller', 'Matthew', 'M', 30, 25, 10, 3, '2021-11-27', '2022-04-11', False),
('Brown', 'Olivia', 'F', 22, 93, 6, 5, '2020-09-15', '2021-04-13', False),
('Jones', 'Sophia', 'F', 20, 39, 10, 2, '2021-12-03', '2022-09-10', False),
('Johnson', 'Jane', 'F', 5, 51, 1, 1, '2021-12-01', '2022-09-12', True),
('Garcia', 'Emma', 'F', 11, 11, 3, 10, '2021-06-20', '2021-12-17', True),
('Jones', 'Michael', 'M', 30, 79, 9, 6, '2021-01-31', '2021-08-23', True),
('Smith', 'Daniel', 'M', 5, 20, 9, 1, '2020-07-16', '2021-02-09', False),
('Davis', 'Michael', 'M', 7, 92, 6, 1, '2021-03-28', '2021-07-27', False),
('Garcia', 'Matthew', 'F', 11, 79, 10, 10, '2021-01-29', '2021-10-10', True),
('Martinez', 'Matthew', 'M', 25, 19, 6, 8, '2022-02-03', '2022-04-14', True),
('Jones', 'John', 'M', 1, 51, 7, 6, '2021-11-12', '2022-04-19', True),
('Miller', 'Emily', 'M', 17, 22, 5, 2, '2020-02-05', '2020-03-28', False),
('Williams', 'Sophia', 'F', 5, 63, 7, 3, '2022-02-14', '2022-06-07', True),
('Garcia', 'Emily', 'F', 11, 22, 2, 10, '2021-04-03', '2021-12-02', False),
('Brown', 'David', 'F', 27, 87, 1, 3, '2020-11-18', '2021-02-08', False),
('Garcia', 'Daniel', 'M', 6, 30, 5, 8, '2022-08-14', '2023-02-07', True),
('Davis', 'Sophia', 'M', 13, 99, 5, 8, '2022-07-25', '2022-09-10', False),
('Smith', 'Sophia', 'F', 16, 42, 6, 1, '2022-02-20', '2022-12-29', True),
('Brown', 'Emma', 'M', 16, 33, 3, 1, '2020-06-05', '2021-02-21', True),
('Brown', 'Olivia', 'M', 26, 79, 3, 9, '2021-12-04', '2022-11-14', False),
('Brown', 'Jane', 'M', 12, 50, 10, 4, '2022-03-23', '2022-07-09', True),
('Smith', 'Michael', 'F', 2, 45, 4, 1, '2020-04-10', '2020-09-11', False),
('Williams', 'Emily', 'F', 28, 76, 10, 5, '2022-07-17', '2023-01-07', True),
('Smith', 'Matthew', 'F', 18, 9, 7, 4, '2021-02-26', '2021-08-21', True),
('Garcia', 'Sophia', 'M', 15, 62, 7, 2, '2021-11-23', '2022-02-27', False),
('Williams', 'Olivia', 'F', 24, 30, 1, 2, '2022-01-08', '2022-04-19', False),
('Martinez', 'John', 'F', 24, 90, 2, 1, '2020-09-08', '2021-02-14', False),
('Williams', 'Sophia', 'M', 6, 66, 2, 10, '2021-01-09', '2021-11-28', False),
('Williams', 'Emma', 'M', 8, 73, 5, 2, '2021-10-28', '2022-02-16', True),
('Martinez', 'Sophia', 'F', 11, 15, 7, 1, '2020-09-16', '2020-11-22', True),
('Johnson', 'Emma', 'M', 11, 14, 2, 5, '2021-11-26', '2022-11-16', False),
('Davis', 'Sophia', 'F', 23, 58, 7, 5, '2020-09-01', '2021-02-26', True),
('Davis', 'Michael', 'F', 3, 27, 6, 4, '2021-07-05', '2022-02-21', False),
('Martinez', 'Olivia', 'M', 2, 25, 5, 5, '2020-10-28', '2021-09-06', False),
('Martinez', 'John', 'F', 15, 100, 6, 10, '2021-10-20', '2022-01-02', False),
('Johnson', 'Emma', 'F', 17, 30, 5, 8, '2022-03-03', '2022-10-28', True),
('Rodriguez', 'John', 'M', 18, 1, 2, 6, '2020-08-07', '2021-02-24', True),
('Brown', 'Michael', 'F', 28, 33, 4, 2, '2020-03-31', '2020-10-30', True),
('Miller', 'Daniel', 'M', 22, 47, 8, 8, '2021-12-10', '2022-09-01', False),
('Rodriguez', 'Michael', 'M', 26, 83, 1, 10, '2022-08-01', '2022-10-09', False),
('Jones', 'John', 'M', 12, 49, 2, 3, '2022-06-27', '2022-09-26', False),
('Miller', 'Michael', 'M', 20, 97, 10, 1, '2022-06-04', '2023-05-12', False),
('Martinez', 'Michael', 'F', 14, 26, 5, 4, '2020-07-18', '2021-05-05', False),
('Johnson', 'John', 'M', 6, 84, 5, 9, '2020-08-26', '2020-11-30', True),
('Johnson', 'John', 'F', 26, 58, 5, 10, '2021-06-20', '2021-07-14', True),
('Brown', 'Olivia', 'M', 11, 85, 6, 5, '2021-03-15', '2021-12-14', False),
('Brown', 'David', 'F', 16, 95, 6, 6, '2020-05-24', '2020-09-26', True),
('Johnson', 'Matthew', 'M', 1, 97, 8, 3, '2020-07-27', '2020-08-22', False),
('Williams', 'Matthew', 'F', 9, 96, 2, 2, '2022-05-26', '2022-06-08', True),
('Williams', 'David', 'M', 22, 98, 1, 2, '2020-03-10', '2020-03-15', False),
('Brown', 'Matthew', 'F', 26, 97, 8, 4, '2021-02-09', '2022-01-27', True),
('Martinez', 'Jane', 'M', 28, 47, 4, 5, '2021-04-23', '2021-11-05', False),
('Johnson', 'Emma', 'F', 26, 72, 4, 4, '2020-10-27', '2021-05-16', False),
('Miller', 'Olivia', 'F', 26, 20, 6, 3, '2020-10-18', '2021-08-10', False),
('Smith', 'John', 'F', 28, 42, 3, 7, '2021-03-10', '2021-03-30', False),
('Brown', 'Matthew', 'M', 28, 62, 5, 10, '2020-09-23', '2021-05-25', False),
('Brown', 'John', 'M', 26, 50, 6, 9, '2021-02-11', '2021-08-15', False),
('Rodriguez', 'Jane', 'F', 5, 4, 9, 3, '2020-09-16', '2021-09-13', False),
('Garcia', 'Michael', 'F', 23, 4, 6, 3, '2022-01-02', '2022-10-18', True),
('Rodriguez', 'Daniel', 'F', 23, 100, 6, 4, '2021-04-27', '2022-04-12', True),
('Brown', 'Daniel', 'F', 8, 10, 6, 9, '2022-03-06', '2022-09-21', True),
('Rodriguez', 'Michael', 'F', 14, 46, 3, 5, '2020-05-16', '2021-05-15', True),
('Jones', 'Sophia', 'F', 10, 95, 3, 10, '2021-04-06', '2021-12-14', True),
('Williams', 'John', 'M', 20, 88, 5, 7, '2021-05-11', '2021-11-30', False),
('Johnson', 'Matthew', 'F', 16, 80, 2, 9, '2021-12-19', '2022-07-14', False),
('Jones', 'Sophia', 'M', 29, 55, 9, 9, '2022-05-28', '2023-02-06', False),
('Rodriguez', 'Emily', 'F', 19, 12, 2, 7, '2020-10-14', '2021-07-30', True),
('Williams', 'Emma', 'M', 8, 46, 2, 6, '2022-03-23', '2022-10-10', True),
('Rodriguez', 'Daniel', 'F', 7, 91, 8, 3, '2021-06-28', '2022-06-02', False),
('Johnson', 'Sophia', 'M', 21, 17, 9, 10, '2021-12-11', '2022-04-10', False),
('Miller', 'Emma', 'F', 3, 15, 7, 4, '2020-06-10', '2021-02-11', False),
('Brown', 'David', 'F', 12, 40, 2, 10, '2020-11-01', '2021-03-14', False),
('Rodriguez', 'Emily', 'M', 4, 29, 8, 3, '2020-06-05', '2021-02-19', False),
('Davis', 'Matthew', 'F', 29, 64, 10, 8, '2022-01-09', '2022-01-27', True),
('Davis', 'John', 'M', 3, 73, 10, 9, '2020-05-27', '2021-05-24', True),
('Williams', 'Emma', 'M', 17, 79, 10, 4, '2021-03-11', '2021-05-28', False),
('Williams', 'Michael', 'F', 29, 62, 7, 2, '2022-04-13', '2022-05-13', True),
('Davis', 'Jane', 'F', 24, 3, 7, 8, '2022-07-20', '2022-10-19', False),
('Garcia', 'Michael', 'F', 8, 11, 2, 1, '2021-03-07', '2022-02-11', True),
('Miller', 'Jane', 'M', 4, 5, 7, 1, '2021-04-06', '2021-04-27', True),
('Smith', 'Emily', 'F', 11, 84, 3, 5, '2021-02-12', '2021-04-22', True),
('Smith', 'Olivia', 'M', 6, 20, 6, 6, '2020-06-27', '2020-12-09', False),
('Smith', 'John', 'F', 15, 98, 3, 4, '2020-11-07', '2020-11-28', True),
('Miller', 'Emily', 'F', 6, 9, 2, 10, '2020-02-20', '2020-03-18', True),
('Williams', 'John', 'F', 24, 61, 1, 7, '2022-02-28', '2022-08-17', True),
('Williams', 'Sophia', 'M', 26, 95, 10, 1, '2021-02-20', '2021-06-26', False),
('Smith', 'Matthew', 'M', 11, 17, 8, 4, '2020-08-23', '2020-10-12', True),
('Jones', 'David', 'F', 20, 47, 2, 9, '2021-08-16', '2021-11-07', True),
('Davis', 'Sophia', 'M', 29, 40, 10, 6, '2022-09-06', '2023-08-06', False),
('Miller', 'Daniel', 'M', 18, 19, 4, 4, '2020-06-17', '2020-09-15', False),
('Rodriguez', 'Michael', 'M', 11, 54, 9, 10, '2021-11-07', '2022-09-13', False),
('Garcia', 'Michael', 'M', 23, 100, 2, 10, '2020-05-03', '2020-12-15', False),
('Martinez', 'Sophia', 'M', 28, 43, 7, 2, '2020-10-08', '2021-02-22', False),
('Rodriguez', 'Daniel', 'F', 3, 8, 7, 5, '2021-03-31', '2021-04-24', True),
('Rodriguez', 'John', 'M', 30, 77, 1, 2, '2022-01-06', '2022-06-29', True),
('Martinez', 'Matthew', 'F', 2, 15, 9, 10, '2021-11-06', '2022-06-03', True),
('Martinez', 'Emma', 'M', 8, 62, 6, 3, '2020-10-25', '2021-02-09', True),
('Johnson', 'Sophia', 'M', 25, 48, 10, 10, '2020-03-09', '2020-12-24', True),
('Brown', 'Olivia', 'M', 20, 53, 10, 9, '2022-04-27', '2023-02-13', False),
('Martinez', 'Matthew', 'F', 17, 39, 2, 3, '2020-06-10', '2021-04-27', False),
('Brown', 'Olivia', 'M', 14, 80, 1, 1, '2021-07-30', '2021-09-27', True),
('Miller', 'Daniel', 'F', 10, 72, 8, 5, '2021-11-10', '2022-09-06', True),
('Williams', 'Daniel', 'F', 17, 11, 6, 3, '2022-08-21', '2023-04-07', True),
('Garcia', 'Jane', 'F', 21, 55, 9, 8, '2021-04-13', '2021-08-04', True),
('Martinez', 'Michael', 'F', 27, 39, 9, 5, '2021-06-18', '2021-08-20', True),
('Smith', 'Matthew', 'M', 22, 22, 8, 6, '2020-06-06', '2020-12-13', True),
('Davis', 'David', 'M', 17, 27, 6, 7, '2022-02-02', '2022-07-02', True),
('Davis', 'Emily', 'M', 20, 16, 2, 1, '2020-12-13', '2021-02-14', False),
('Brown', 'Emily', 'M', 23, 63, 9, 10, '2020-02-29', '2020-04-30', True),
('Johnson', 'Michael', 'F', 16, 13, 6, 5, '2020-03-31', '2020-06-01', True),
('Garcia', 'David', 'F', 12, 25, 7, 2, '2022-07-15', '2023-05-17', False),
('Martinez', 'Jane', 'M', 29, 12, 1, 2, '2021-01-18', '2021-05-15', True),
('Rodriguez', 'Daniel', 'M', 9, 34, 4, 4, '2020-10-16', '2021-01-25', True),
('Jones', 'Daniel', 'F', 18, 94, 9, 2, '2020-06-26', '2020-08-20', True),
('Smith', 'Michael', 'M', 28, 34, 10, 4, '2021-05-22', '2021-08-13', True),
('Davis', 'Michael', 'M', 26, 25, 1, 7, '2020-10-05', '2020-11-05', False),
('Smith', 'David', 'M', 18, 5, 7, 1, '2020-03-28', '2020-04-25', False),
('Williams', 'Sophia', 'F', 19, 82, 2, 8, '2020-05-25', '2020-08-20', True),
('Brown', 'Emma', 'F', 29, 49, 9, 7, '2021-09-10', '2022-06-13', False),
('Miller', 'David', 'F', 20, 18, 4, 9, '2020-06-14', '2020-06-21', False),
('Rodriguez', 'Emma', 'M', 9, 98, 1, 3, '2021-05-21', '2022-04-23', False),
('Williams', 'Olivia', 'M', 10, 70, 9, 3, '2021-09-22', '2022-05-18', True),
('Williams', 'Sophia', 'M', 27, 93, 8, 7, '2020-09-12', '2021-07-19', True),
('Rodriguez', 'David', 'F', 28, 23, 8, 7, '2022-05-31', '2022-06-26', True),
('Davis', 'Emma', 'M', 20, 40, 5, 9, '2021-04-02', '2021-11-08', False),
('Brown', 'John', 'F', 5, 58, 9, 10, '2022-02-27', '2022-07-21', False),
('Johnson', 'David', 'M', 17, 54, 4, 10, '2020-10-01', '2020-12-02', True),
('Smith', 'Emma', 'M', 25, 57, 4, 8, '2022-04-07', '2022-06-01', False),
('Miller', 'Sophia', 'M', 25, 32, 2, 8, '2022-04-06', '2022-09-03', True),
('Brown', 'Michael', 'F', 4, 63, 4, 7, '2020-07-22', '2021-06-11', False),
('Jones', 'Daniel', 'F', 27, 75, 10, 5, '2022-06-14', '2023-05-01', True),
('Smith', 'Michael', 'M', 4, 83, 4, 1, '2021-01-13', '2021-09-05', False),
('Davis', 'Sophia', 'M', 2, 99, 5, 3, '2022-06-30', '2023-03-17', False),
('Jones', 'Emma', 'M', 13, 42, 8, 9, '2020-08-18', '2021-04-04', False),
('Miller', 'Sophia', 'M', 20, 22, 2, 10, '2020-04-14', '2020-07-09', False),
('Smith', 'Michael', 'M', 17, 84, 7, 7, '2021-09-04', '2021-11-13', True),
('Garcia', 'Sophia', 'F', 11, 93, 3, 9, '2020-09-25', '2021-09-21', False),
('Rodriguez', 'Olivia', 'M', 15, 67, 9, 6, '2021-02-04', '2021-07-17', True),
('Brown', 'Olivia', 'F', 28, 36, 3, 7, '2022-03-24', '2022-11-30', False),
('Johnson', 'Olivia', 'M', 5, 18, 3, 3, '2021-04-11', '2021-09-21', True),
('Garcia', 'Olivia', 'F', 19, 70, 4, 4, '2021-03-13', '2022-03-01', True),
('Jones', 'Sophia', 'F', 26, 56, 7, 5, '2022-09-08', '2023-06-06', True),
('Martinez', 'David', 'F', 9, 4, 10, 5, '2020-05-10', '2020-12-02', True),
('Smith', 'Sophia', 'F', 15, 84, 9, 6, '2021-06-03', '2021-11-03', False),
('Garcia', 'Jane', 'F', 12, 99, 6, 3, '2020-11-14', '2021-10-21', True),
('Jones', 'Daniel', 'F', 29, 63, 2, 8, '2021-10-07', '2021-10-12', True),
('Smith', 'Michael', 'M', 25, 46, 8, 6, '2021-08-14', '2022-06-25', True),
('Davis', 'Emma', 'F', 23, 26, 8, 4, '2021-07-06', '2021-10-30', True),
('Johnson', 'Matthew', 'F', 26, 86, 9, 7, '2021-01-18', '2021-10-12', True),
('Jones', 'Emma', 'F', 27, 48, 4, 7, '2020-04-12', '2020-05-24', False),
('Brown', 'Matthew', 'F', 9, 40, 7, 7, '2020-07-02', '2020-09-09', True),
('Rodriguez', 'John', 'M', 27, 24, 10, 2, '2021-03-26', '2021-10-10', True),
('Jones', 'Olivia', 'F', 4, 11, 7, 3, '2020-01-25', '2020-10-27', True),
('Martinez', 'Michael', 'M', 24, 89, 1, 9, '2020-06-04', '2021-03-11', False),
('Davis', 'Olivia', 'F', 13, 99, 6, 8, '2020-05-13', '2020-06-20', True),
('Davis', 'John', 'M', 29, 89, 8, 10, '2021-06-08', '2021-12-13', True),
('Davis', 'Olivia', 'F', 29, 68, 1, 7, '2020-07-05', '2020-11-07', True),
('Garcia', 'Jane', 'F', 19, 93, 5, 7, '2022-04-23', '2023-01-06', False),
('Brown', 'Daniel', 'F', 17, 41, 6, 9, '2020-06-28', '2021-02-01', True),
('Jones', 'Daniel', 'F', 14, 87, 7, 1, '2020-03-31', '2020-06-08', True),
('Smith', 'Matthew', 'F', 13, 59, 1, 9, '2020-06-19', '2021-05-30', True),
('Smith', 'Matthew', 'M', 8, 16, 9, 6, '2021-06-02', '2021-12-30', False),
('Williams', 'Matthew', 'M', 5, 45, 1, 4, '2021-01-17', '2021-07-19', True),
('Williams', 'Jane', 'M', 14, 6, 2, 9, '2021-09-12', '2022-07-23', True),
('Martinez', 'Matthew', 'M', 6, 92, 4, 1, '2021-08-21', '2021-10-02', True),
('Jones', 'Emma', 'M', 14, 38, 7, 2, '2020-06-20', '2020-10-19', False),
('Williams', 'Emily', 'M', 19, 27, 3, 8, '2022-01-01', '2022-12-11', True),
('Rodriguez', 'Emily', 'F', 6, 45, 6, 4, '2022-06-17', '2023-01-20', False),
('Williams', 'Matthew', 'F', 16, 91, 6, 2, '2021-11-19', '2022-03-21', False),
('Johnson', 'Michael', 'M', 23, 94, 3, 4, '2020-06-18', '2021-03-16', True),
('Johnson', 'Matthew', 'M', 15, 52, 6, 10, '2021-05-01', '2022-02-02', True),
('Smith', 'Emily', 'F', 17, 97, 8, 6, '2020-02-27', '2020-06-09', True),
('Johnson', 'Jane', 'F', 19, 100, 2, 5, '2022-05-07', '2022-06-26', True),
('Davis', 'Emma', 'F', 23, 50, 9, 9, '2021-04-10', '2021-07-09', False),
('Brown', 'Daniel', 'M', 1, 25, 6, 1, '2021-03-23', '2021-11-30', True),
('Martinez', 'Olivia', 'F', 16, 88, 6, 1, '2022-08-17', '2022-12-07', True),
('Rodriguez', 'Emily', 'F', 29, 51, 3, 9, '2022-08-10', '2022-10-29', True),
('Williams', 'Daniel', 'F', 23, 89, 10, 3, '2022-02-07', '2023-01-24', False),
('Brown', 'Olivia', 'F', 1, 45, 2, 5, '2020-03-26', '2021-03-22', True),
('Rodriguez', 'Matthew', 'M', 16, 88, 3, 10, '2021-05-18', '2021-09-13', True),
('Jones', 'Matthew', 'M', 13, 50, 9, 8, '2020-12-15', '2021-03-15', False),
('Garcia', 'Matthew', 'F', 27, 54, 3, 7, '2021-07-22', '2022-03-09', False),
('Miller', 'Daniel', 'M', 17, 58, 4, 8, '2021-12-31', '2022-07-08', False),
('Jones', 'Sophia', 'F', 8, 68, 7, 2, '2022-06-20', '2022-12-27', False),
('Rodriguez', 'Emily', 'M', 8, 8, 1, 1, '2021-11-24', '2021-12-10', False),
('Smith', 'Daniel', 'F', 1, 68, 8, 6, '2021-06-11', '2022-06-03', True),
('Brown', 'David', 'F', 1, 68, 3, 10, '2020-06-05', '2020-11-22', True),
('Brown', 'Emma', 'M', 19, 8, 10, 7, '2022-05-08', '2022-06-22', True),
('Smith', 'David', 'F', 26, 4, 9, 10, '2022-02-01', '2022-12-24', True),
('Jones', 'Matthew', 'F', 9, 5, 10, 9, '2020-11-23', '2021-05-17', False),
('Davis', 'Matthew', 'M', 3, 33, 5, 4, '2020-10-20', '2021-07-14', True),
('Brown', 'Daniel', 'M', 12, 16, 9, 6, '2020-09-03', '2021-02-03', False),
('Jones', 'Jane', 'F', 13, 96, 3, 8, '2021-04-14', '2021-05-24', False),
('Rodriguez', 'Matthew', 'M', 13, 19, 4, 2, '2022-06-03', '2022-07-13', False),
('Davis', 'Michael', 'M', 4, 46, 6, 1, '2021-05-04', '2021-11-02', True),
('Davis', 'Sophia', 'F', 29, 15, 3, 5, '2022-02-11', '2022-05-06', True),
('Johnson', 'Olivia', 'M', 18, 63, 5, 6, '2021-07-21', '2021-11-22', False),
('Garcia', 'Daniel', 'M', 9, 13, 8, 6, '2020-04-03', '2020-12-15', True),
('Johnson', 'John', 'M', 28, 73, 4, 8, '2020-12-29', '2021-11-12', False),
('Williams', 'David', 'F', 1, 64, 1, 8, '2020-09-29', '2021-01-14', False),
('Rodriguez', 'Sophia', 'M', 1, 24, 9, 8, '2020-12-10', '2021-04-22', True),
('Davis', 'Matthew', 'F', 6, 7, 6, 2, '2021-07-11', '2021-11-02', True),
('Williams', 'Emily', 'F', 3, 11, 7, 5, '2021-08-24', '2022-04-28', False),
('Jones', 'Jane', 'F', 13, 31, 2, 2, '2022-05-08', '2022-11-25', True),
('Jones', 'John', 'M', 26, 45, 6, 9, '2021-07-03', '2022-05-21', True),
('Davis', 'Daniel', 'M', 11, 70, 3, 8, '2022-05-16', '2023-05-11', False),
('Rodriguez', 'David', 'M', 28, 97, 5, 4, '2020-03-19', '2021-03-16', True),
('Smith', 'Olivia', 'M', 26, 82, 9, 9, '2022-01-30', '2022-10-23', False),
('Williams', 'John', 'F', 9, 14, 3, 9, '2020-09-27', '2021-03-12', False),
('Smith', 'Daniel', 'F', 30, 69, 9, 9, '2020-10-23', '2021-02-23', False),
('Brown', 'Olivia', 'M', 9, 63, 4, 8, '2021-01-14', '2021-04-25', True),
('Rodriguez', 'Jane', 'M', 4, 60, 10, 6, '2022-04-21', '2022-06-16', False),
('Miller', 'Michael', 'F', 29, 67, 3, 10, '2022-02-25', '2022-09-05', False),
('Rodriguez', 'Emily', 'M', 22, 34, 5, 7, '2021-02-25', '2021-11-10', False),
('Garcia', 'Daniel', 'M', 7, 94, 2, 4, '2020-04-26', '2020-05-26', False),
('Miller', 'Michael', 'F', 2, 12, 4, 6, '2022-09-22', '2023-06-28', False),
('Martinez', 'Emily', 'F', 10, 36, 4, 5, '2022-09-19', '2022-09-29', False),
('Martinez', 'David', 'F', 18, 85, 1, 9, '2021-02-11', '2021-04-08', True),
('Johnson', 'Jane', 'M', 26, 53, 2, 10, '2020-06-06', '2021-02-07', False),
('Williams', 'John', 'M', 23, 18, 9, 6, '2022-06-21', '2022-08-20', True),
('Jones', 'Emma', 'M', 12, 18, 9, 1, '2021-09-26', '2022-05-04', False),
('Brown', 'Michael', 'F', 20, 4, 1, 2, '2020-05-26', '2021-05-21', False),
('Rodriguez', 'Matthew', 'F', 5, 74, 2, 2, '2020-09-29', '2021-05-18', False),
('Martinez', 'Emma', 'M', 14, 92, 3, 3, '2021-10-31', '2022-01-16', True),
('Miller', 'Jane', 'F', 1, 92, 7, 2, '2020-11-17', '2021-09-18', True),
('Davis', 'Emily', 'F', 15, 37, 4, 3, '2021-07-16', '2021-08-13', False),
('Brown', 'John', 'F', 7, 37, 7, 7, '2021-07-02', '2021-08-12', False),
('Williams', 'Sophia', 'F', 10, 29, 10, 2, '2020-09-24', '2021-08-12', True),
('Jones', 'Jane', 'F', 14, 53, 4, 9, '2021-01-06', '2021-11-21', False),
('Johnson', 'Emily', 'F', 6, 13, 7, 3, '2021-11-16', '2022-03-09', True),
('Miller', 'Jane', 'M', 16, 17, 2, 10, '2021-09-24', '2022-03-22', False),
('Johnson', 'Emily', 'F', 4, 78, 4, 8, '2020-03-14', '2020-05-31', False),
('Williams', 'Emma', 'M', 24, 32, 6, 9, '2020-04-15', '2020-06-25', False),
('Smith', 'Emma', 'F', 17, 91, 4, 2, '2021-02-16', '2021-04-09', True),
('Martinez', 'Matthew', 'M', 13, 96, 4, 3, '2021-08-26', '2022-05-06', True),
('Williams', 'Daniel', 'F', 19, 57, 9, 4, '2021-03-10', '2021-10-29', False),
('Johnson', 'Michael', 'F', 27, 52, 10, 3, '2020-05-19', '2020-10-17', False),
('Williams', 'Daniel', 'F', 29, 22, 6, 9, '2021-03-16', '2021-05-19', True),
('Miller', 'Sophia', 'M', 2, 98, 3, 5, '2021-10-30', '2022-10-08', False),
('Jones', 'Daniel', 'M', 4, 44, 9, 8, '2020-04-19', '2021-02-08', False),
('Jones', 'Michael', 'F', 4, 65, 3, 10, '2022-02-20', '2022-09-07', False),
('Martinez', 'Michael', 'F', 17, 1, 4, 8, '2021-11-27', '2022-10-24', False),
('Smith', 'Sophia', 'M', 5, 36, 1, 10, '2022-06-08', '2022-07-29', False),
('Davis', 'Sophia', 'F', 21, 27, 7, 4, '2020-12-10', '2021-10-09', True),
('Williams', 'Sophia', 'F', 24, 11, 4, 2, '2020-02-12', '2020-11-01', False),
('Brown', 'John', 'F', 30, 6, 10, 9, '2022-06-19', '2023-02-01', False),
('Miller', 'Matthew', 'F', 19, 65, 9, 6, '2022-01-26', '2022-10-18', True),
('Miller', 'Michael', 'F', 6, 89, 3, 8, '2020-06-24', '2021-02-10', True),
('Jones', 'Olivia', 'M', 29, 52, 2, 5, '2020-02-13', '2020-03-24', False),
('Brown', 'Jane', 'F', 24, 39, 4, 1, '2022-06-02', '2023-03-16', True),
('Garcia', 'Jane', 'M', 14, 73, 2, 8, '2022-06-08', '2023-01-26', False),
('Miller', 'Olivia', 'F', 21, 59, 2, 1, '2021-11-24', '2022-09-19', True),
('Garcia', 'John', 'F', 25, 78, 4, 7, '2022-09-17', '2022-11-16', False),
('Smith', 'Sophia', 'F', 16, 77, 4, 6, '2020-01-13', '2020-03-02', False),
('Brown', 'Daniel', 'M', 12, 84, 7, 10, '2021-07-13', '2021-08-08', False),
('Davis', 'Michael', 'F', 5, 78, 9, 1, '2021-02-08', '2021-10-15', True),
('Rodriguez', 'Sophia', 'F', 28, 21, 7, 5, '2022-02-20', '2022-03-04', False),
('Garcia', 'Olivia', 'M', 27, 25, 7, 10, '2020-11-30', '2021-04-05', False),
('Brown', 'Emily', 'F', 24, 38, 7, 4, '2022-07-09', '2022-11-05', False),
('Brown', 'John', 'M', 18, 77, 10, 10, '2021-01-06', '2021-11-11', False),
('Rodriguez', 'Emma', 'F', 23, 39, 2, 2, '2020-06-20', '2020-08-11', True),
('Smith', 'Matthew', 'F', 18, 91, 7, 8, '2021-02-19', '2021-12-04', False),
('Miller', 'Olivia', 'F', 16, 96, 2, 7, '2022-04-01', '2023-01-29', True),
('Davis', 'John', 'F', 8, 74, 8, 5, '2021-08-16', '2022-03-31', False),
('Miller', 'Jane', 'F', 13, 98, 4, 9, '2020-04-03', '2021-02-09', False),
('Davis', 'Jane', 'F', 25, 8, 1, 3, '2022-08-14', '2023-05-01', True),
('Williams', 'Emily', 'F', 26, 33, 4, 3, '2021-11-04', '2022-03-24', False),
('Davis', 'Emma', 'F', 30, 89, 7, 10, '2022-02-21', '2022-07-06', True),
('Williams', 'Olivia', 'M', 30, 64, 2, 6, '2022-03-22', '2022-09-24', True),
('Miller', 'Daniel', 'M', 19, 63, 3, 8, '2021-06-12', '2021-12-17', False),
('Johnson', 'Olivia', 'M', 3, 41, 1, 8, '2021-07-07', '2021-10-21', True),
('Davis', 'Michael', 'F', 26, 16, 5, 4, '2020-02-04', '2020-02-14', False),
('Miller', 'Sophia', 'M', 30, 94, 7, 10, '2020-06-21', '2020-12-15', False),
('Williams', 'John', 'F', 7, 32, 2, 3, '2020-07-17', '2021-06-10', True),
('Brown', 'Emma', 'F', 3, 77, 7, 6, '2022-08-02', '2023-01-01', True),
('Garcia', 'Jane', 'M', 12, 43, 4, 2, '2020-12-08', '2021-06-16', False),
('Jones', 'Michael', 'M', 27, 20, 2, 4, '2021-11-26', '2022-07-31', True),
('Miller', 'David', 'M', 12, 67, 4, 3, '2022-06-12', '2023-01-28', True),
('Garcia', 'Emma', 'M', 3, 50, 6, 3, '2020-05-18', '2020-11-06', True),
('Martinez', 'John', 'F', 29, 45, 1, 4, '2021-07-29', '2021-09-15', False),
('Miller', 'John', 'M', 24, 84, 3, 2, '2021-04-14', '2021-11-21', False),
('Jones', 'Jane', 'M', 18, 83, 2, 8, '2021-12-25', '2022-07-13', False),
('Smith', 'David', 'F', 23, 72, 10, 10, '2021-09-25', '2022-03-24', True),
('Miller', 'Emma', 'F', 8, 84, 1, 10, '2022-07-11', '2022-10-09', True),
('Martinez', 'Olivia', 'M', 28, 47, 8, 5, '2021-04-17', '2022-04-04', False),
('Johnson', 'Olivia', 'M', 15, 25, 2, 1, '2021-12-03', '2022-12-01', True),
('Brown', 'Sophia', 'M', 28, 74, 2, 6, '2021-12-31', '2022-09-28', False),
('Brown', 'Matthew', 'M', 6, 85, 1, 5, '2021-03-07', '2021-07-28', True),
('Garcia', 'Jane', 'F', 30, 11, 7, 3, '2021-10-10', '2022-09-29', False),
('Johnson', 'Emma', 'M', 30, 50, 10, 8, '2021-03-10', '2022-03-07', True),
('Martinez', 'Jane', 'F', 14, 43, 9, 6, '2021-03-28', '2021-11-13', True),
('Smith', 'Olivia', 'M', 2, 76, 5, 4, '2022-02-15', '2022-10-05', False),
('Rodriguez', 'Daniel', 'M', 27, 91, 5, 1, '2022-08-06', '2022-10-11', False),
('Martinez', 'Matthew', 'F', 21, 97, 1, 8, '2021-12-27', '2022-03-12', False),
('Rodriguez', 'Matthew', 'F', 13, 92, 3, 3, '2021-06-23', '2021-10-26', False),
('Williams', 'Matthew', 'F', 4, 49, 2, 10, '2020-09-13', '2021-07-20', False),
('Brown', 'Jane', 'F', 9, 77, 3, 1, '2022-08-06', '2023-01-12', True),
('Martinez', 'Daniel', 'M', 7, 32, 8, 3, '2020-02-21', '2020-06-29', True),
('Rodriguez', 'David', 'F', 22, 95, 8, 3, '2022-09-27', '2023-02-06', False),
('Smith', 'David', 'F', 5, 11, 6, 9, '2021-07-17', '2021-08-01', True),
('Miller', 'David', 'F', 19, 61, 8, 7, '2020-01-28', '2020-12-02', True),
('Rodriguez', 'Sophia', 'M', 29, 70, 1, 4, '2021-05-12', '2021-07-08', True),
('Martinez', 'David', 'F', 7, 15, 4, 9, '2021-01-23', '2021-09-08', False),
('Williams', 'Sophia', 'M', 23, 71, 5, 3, '2021-07-12', '2022-03-11', False),
('Jones', 'Michael', 'F', 4, 6, 9, 3, '2022-03-25', '2022-12-23', False),
('Jones', 'David', 'F', 1, 39, 8, 9, '2020-09-28', '2021-08-14', False),
('Smith', 'Sophia', 'M', 7, 51, 7, 4, '2022-05-09', '2022-07-09', True),
('Davis', 'Sophia', 'F', 23, 6, 1, 9, '2020-04-09', '2020-06-07', False),
('Davis', 'Michael', 'M', 11, 39, 9, 6, '2020-12-05', '2021-07-03', False),
('Johnson', 'Jane', 'F', 2, 22, 9, 8, '2021-02-22', '2021-09-07', False),
('Johnson', 'David', 'F', 12, 11, 4, 4, '2022-07-08', '2022-08-01', False),
('Johnson', 'Daniel', 'F', 13, 66, 5, 8, '2021-04-09', '2022-02-10', True),
('Johnson', 'Michael', 'M', 30, 99, 5, 5, '2020-10-31', '2021-08-29', False),
('Johnson', 'David', 'M', 27, 73, 4, 6, '2021-02-06', '2021-05-03', False),
('Brown', 'Daniel', 'M', 30, 21, 8, 7, '2020-07-12', '2020-09-20', False),
('Martinez', 'Olivia', 'M', 1, 30, 4, 3, '2022-09-21', '2023-01-27', False),
('Garcia', 'Olivia', 'F', 29, 75, 8, 6, '2021-04-14', '2021-11-09', True),
('Johnson', 'Sophia', 'M', 17, 92, 1, 4, '2021-01-27', '2021-11-26', False),
('Brown', 'John', 'M', 4, 85, 2, 5, '2021-10-04', '2022-07-18', False),
('Rodriguez', 'Olivia', 'M', 25, 24, 1, 6, '2022-06-24', '2023-06-08', False),
('Jones', 'Daniel', 'F', 13, 27, 10, 3, '2021-07-20', '2021-09-24', False),
('Davis', 'Jane', 'F', 1, 10, 9, 8, '2021-03-31', '2021-08-01', False),
('Rodriguez', 'David', 'M', 13, 11, 4, 7, '2021-08-18', '2021-11-29', False),
('Rodriguez', 'Emma', 'F', 24, 80, 1, 5, '2022-04-08', '2022-09-18', False),
('Davis', 'Matthew', 'M', 17, 22, 1, 5, '2021-11-14', '2022-09-04', True),
('Martinez', 'Emily', 'M', 11, 86, 10, 6, '2021-03-26', '2022-02-03', False),
('Johnson', 'Jane', 'F', 11, 73, 10, 4, '2021-03-04', '2021-11-15', True),
('Miller', 'Olivia', 'F', 17, 72, 10, 6, '2022-03-08', '2023-01-30', False),
('Jones', 'John', 'F', 6, 98, 6, 4, '2020-01-19', '2020-04-15', False),
('Rodriguez', 'Emma', 'M', 5, 54, 7, 5, '2020-12-07', '2021-04-09', False),
('Martinez', 'Olivia', 'M', 13, 63, 2, 10, '2022-08-17', '2023-04-24', True),
('Rodriguez', 'Sophia', 'M', 17, 24, 10, 9, '2022-03-29', '2022-09-02', True),
('Rodriguez', 'Emma', 'F', 30, 56, 8, 4, '2021-01-16', '2021-10-18', False),
('Williams', 'John', 'M', 22, 70, 7, 6, '2020-07-22', '2021-02-26', False),
('Garcia', 'Olivia', 'M', 27, 17, 2, 1, '2022-05-07', '2022-12-08', False),
('Williams', 'Emily', 'F', 21, 100, 7, 10, '2021-04-29', '2021-10-09', False),
('Johnson', 'Michael', 'M', 26, 72, 5, 4, '2022-07-14', '2022-08-20', False),
('Miller', 'John', 'M', 28, 20, 3, 8, '2022-01-06', '2022-05-24', False),
('Rodriguez', 'Emily', 'M', 18, 52, 9, 3, '2020-03-16', '2021-01-21', True),
('Davis', 'John', 'M', 19, 76, 5, 5, '2020-08-09', '2020-11-30', True),
('Williams', 'Olivia', 'M', 27, 64, 6, 4, '2021-10-23', '2021-12-17', True);


--------------------------------------------------------------------------------------------------------------------------
-- Create Profit Table
--------------------------------------------------------------------------------------------------------------------------

CREATE TABLE Profit (
    Profit_ID SERIAL PRIMARY KEY,
    Indication_ID INT,
    Cost DECIMAL(10, 2),
    Price DECIMAL(10, 2),
    Profit DECIMAL(10, 2),
    Percentage_Profit DECIMAL(10, 2),
    CONSTRAINT fk_Indication_Profit FOREIGN KEY (Indication_ID) REFERENCES Indication(Indication_ID) ON UPDATE CASCADE
);

--------------------------------------------------------------------------------------------------------------------------
-- Fill Profit Table
--------------------------------------------------------------------------------------------------------------------------

INSERT INTO Profit (Indication_ID, Cost, Price, Profit, Percentage_Profit) VALUES
(1, 47.58, 102.39, 54.81, 115.2),
(2, 93.27, 140.48, 47.21, 50.62),
(3, 80.75, 121.65, 40.9, 50.65),
(4, 140.59, 212.11, 71.52, 50.87),
(5, 66.74, 142.97, 76.23, 114.22),


(6, 10.00, 15.00, 5.00, 50.00),
(7, 12.00, 17.50, 5.50, 45.83),
(8, 8.50, 14.00, 5.50, 64.71),
(9, 9.00, 13.00, 4.00, 44.44),
(10, 11.00, 18.50, 7.50, 68.18),
(11, 7.50, 11.25, 3.75, 50.00),
(12, 15.00, 22.00, 7.00, 46.67),
(13, 10.00, 16.00, 6.00, 60.00),
(14, 9.50, 12.50, 3.00, 31.58),
(15, 8.00, 11.50, 3.50, 43.75),
(16, 14.00, 21.00, 7.00, 50.00),
(17, 11.50, 19.00, 7.50, 65.22),
(18, 13.00, 20.50, 7.50, 57.69),
(19, 8.00, 14.50, 6.50, 81.25),
(20, 9.50, 15.50, 6.00, 63.16),
(21, 10.00, 17.00, 7.00, 70.00),

(22, 115.46, 184.54, 69.08, 59.83),
(23, 29.05, 86.17, 57.12, 196.63),
(24, 32.90, 73.98, 41.08, 124.86),
(25, 69.87, 114.74, 44.87, 64.22),
(26, 76.18, 112.05, 35.87, 47.09),
(27, 112.27, 166.16, 53.89, 48.00),
(28, 86.86, 133.49, 46.63, 53.68),
(29, 115.20, 168.18, 52.98, 45.99),
(30, 29.60, 105.95, 76.35, 257.94),
(31, 22.56, 71.14, 48.58, 215.34),
(32, 80.24, 152.40, 72.16, 89.93),
(33, 93.55, 158.41, 64.86, 69.33),
(34, 144.66, 176.32, 31.66, 21.89),
(35, 57.30, 129.74, 72.44, 126.42),
(36, 137.20, 191.44, 54.24, 39.53),
(37, 40.40, 110.48, 70.08, 173.47),
(38, 44.02, 93.76, 49.74, 112.99),
(39, 77.23, 116.60, 39.37, 50.98),
(40, 97.70, 175.14, 77.44, 79.26),
(41, 117.96, 185.55, 67.59, 57.30),
(42, 92.91, 142.00, 49.09, 52.84),
(43, 143.88, 193.70, 49.82, 34.63),
(44, 22.12, 86.97, 64.85, 293.17),
(45, 39.19, 113.09, 73.90, 188.57),
(46, 81.26, 126.85, 45.59, 56.10),
(47, 86.67, 142.41, 55.74, 64.31),
(48, 136.80, 170.91, 34.11, 24.93),
(49, 72.07, 132.16, 60.09, 83.38),
(50, 139.45, 188.93, 49.48, 35.48),

(51, 42.89, 99.88, 56.99, 132.87),
(52, 30.86, 83.61, 52.75, 170.93),
(53, 66.59, 104.15, 37.56, 56.40),
(54, 76.39, 153.92, 77.53, 101.49),
(55, 127.06, 178.39, 51.33, 40.40),
(56, 54.37, 98.95, 44.58, 81.99),
(57, 143.48, 194.49, 51.01, 35.55),
(58, 27.73, 61.65, 33.92, 122.32),
(59, 22.81, 84.64, 61.83, 271.07),
(60, 83.65, 115.94, 32.29, 38.60),
(61, 58.46, 132.43, 73.97, 126.53),
(62, 121.30, 153.60, 32.30, 26.63),
(63, 88.44, 154.96, 66.52, 75.21),
(64, 114.45, 159.94, 45.49, 39.75),
(65, 21.16, 75.53, 54.37, 256.95),
(66, 46.24, 117.85, 71.61, 154.87),
(67, 71.48, 130.78, 59.30, 82.96),
(68, 92.79, 166.48, 73.69, 79.42),
(69, 103.63, 176.23, 72.60, 70.06),
(70, 65.31, 96.42, 31.11, 47.63),
(71, 121.05, 189.89, 68.84, 56.87),
(72, 32.64, 66.53, 33.89, 103.83),
(73, 46.33, 104.64, 58.31, 125.86),
(74, 58.51, 89.28, 30.77, 52.59),
(75, 94.31, 131.96, 37.65, 39.92),
(76, 102.42, 175.67, 73.25, 71.52),
(77, 99.23, 158.96, 59.73, 60.19),
(78, 105.93, 173.45, 67.52, 63.74),
(79, 21.50, 94.79, 73.29, 340.88),
(80, 34.08, 79.82, 45.74, 134.21),
(81, 96.99, 174.70, 77.71, 80.12),
(82, 98.08, 161.71, 63.63, 64.88),
(83, 102.29, 182.09, 79.80, 78.01),
(84, 67.07, 110.53, 43.46, 64.80),
(85, 140.53, 180.18, 39.65, 28.21),
(86, 42.81, 112.48, 69.67, 162.74),
(87, 33.71, 63.88, 30.17, 89.50),
(88, 83.62, 156.97, 73.35, 87.72),
(89, 57.94, 99.11, 41.17, 71.06),
(90, 118.49, 191.58, 73.09, 61.68),

(91, 90.35, 125.37, 35.02, 38.76),
(92, 106.59, 154.25, 47.66, 44.71),
(93, 28.54, 68.75, 40.21, 140.89),
(94, 42.57, 111.92, 69.35, 162.91),
(95, 98.11, 171.2, 73.09, 74.5),
(96, 80.84, 128.5, 47.66, 58.96),
(97, 146.05, 197.72, 51.67, 35.38),
(98, 87.68, 127.21, 39.53, 45.08),
(99, 142.32, 211.98, 69.66, 48.95),
(100, 34.94, 110.14, 75.2, 215.23),
(101, 41.98, 119.72, 77.74, 185.18),
(102, 61.36, 94.73, 33.37, 54.38),
(103, 64.3, 110.46, 46.16, 71.79),
(104, 104.14, 179.12, 74.98, 72.0),
(105, 81.68, 127.46, 45.78, 56.05),
(106, 106.13, 143.97, 37.84, 35.65),
(107, 24.64, 95.49, 70.85, 287.54),
(108, 25.98, 87.49, 61.51, 236.76),
(109, 80.68, 117.8, 37.12, 46.01),
(110, 57.26, 113.35, 56.09, 97.96),
(111, 143.85, 197.68, 53.83, 37.42),
(112, 60.98, 123.53, 62.55, 102.57),
(113, 102.13, 155.81, 53.68, 52.56),
(114, 36.77, 107.34, 70.57, 191.92),
(115, 33.69, 75.69, 42.0, 124.67),
(116, 58.89, 102.78, 43.89, 74.53),
(117, 73.22, 146.71, 73.49, 100.37),
(118, 115.97, 193.75, 77.78, 67.07),
(119, 85.79, 130.69, 44.9, 52.34),
(120, 111.39, 141.65, 30.26, 27.17),
(121, 25.77, 105.1, 79.33, 307.84),
(122, 38.66, 98.86, 60.2, 155.72),
(123, 75.3, 142.14, 66.84, 88.76),
(124, 84.97, 128.99, 44.02, 51.81),
(125, 115.04, 149.53, 34.49, 29.98),
(126, 68.17, 100.66, 32.49, 47.66),
(127, 149.12, 213.38, 64.26, 43.09),
(128, 40.86, 83.97, 43.11, 105.51),
(129, 40.18, 110.89, 70.71, 175.98),
(130, 91.38, 146.35, 54.97, 60.16),
(131, 74.06, 111.38, 37.32, 50.39),
(132, 114.68, 161.29, 46.61, 40.64),
(133, 75.07, 114.17, 39.1, 52.08),
(134, 107.34, 139.28, 31.94, 29.76),
(135, 24.72, 89.25, 64.53, 261.04),
(136, 40.35, 92.51, 52.16, 129.27),
(137, 78.43, 140.1, 61.67, 78.63),
(138, 54.22, 132.88, 78.66, 145.08),
(139, 144.1, 179.58, 35.48, 24.62),
(140, 91.28, 143.71, 52.43, 57.44),
(141, 116.77, 179.07, 62.3, 53.35),
(142, 45.48, 80.51, 35.03, 77.02),
(143, 42.99, 86.05, 43.06, 100.16),
(144, 56.09, 124.88, 68.79, 122.64),
(145, 50.19, 81.3, 31.11, 61.98),
(146, 106.31, 150.13, 43.82, 41.22);

--------------------------------------------------------------------------------------------------------------------------
-- Create outcome Table
--------------------------------------------------------------------------------------------------------------------------

CREATE TABLE Outcome (
    Outcome_ID SERIAL PRIMARY KEY,
    Person_ID INT,
    Indication_ID INT,
    Outcome VARCHAR(30),
    Outcome_Date DATE,
    medicine_id INT,  -- New column to store medicine_id
    CONSTRAINT fk_Person_Outcome 
        FOREIGN KEY (Person_ID) REFERENCES Diseased_Patient(Person_ID) ON UPDATE CASCADE,
    CONSTRAINT fk_Indication_Outcome 
        FOREIGN KEY (Indication_ID) REFERENCES indication(Indication_ID) ON UPDATE CASCADE
);
--------------------------------------------------------------------------------------------------------------------------
-- Fill Trigger to fill medicine name 
--------------------------------------------------------------------------------------------------------------------------

CREATE OR REPLACE FUNCTION populate_medicine_id()
RETURNS TRIGGER AS $$
BEGIN
   
    SELECT i.medicine_id
    INTO NEW.medicine_id
    FROM public.indication i
    WHERE i.indication_id = NEW.Indication_ID;

    RETURN NEW;
END;
$$ LANGUAGE plpgsql;


CREATE TRIGGER trigger_populate_medicine_id
BEFORE INSERT ON Outcome
FOR EACH ROW
EXECUTE FUNCTION populate_medicine_id();
--------------------------------------------------------------------------------------------------------------------------
-- Fill Outcome Table
--------------------------------------------------------------------------------------------------------------------------

INSERT INTO Outcome (Person_ID, Indication_ID, Outcome, Outcome_Date) VALUES
(1, 27, 'worsened', '2020-12-17'),
(2, 30, 'recovered', '2022-11-25'),
(2, 30, 'relapse', '2023-03-13'),
(3, 128, 'worsened', '2021-07-23'),
(4, 94, 'recovered', '2022-05-23'),
(5, 123, 'worsened', '2021-11-29'),
(6, 83, 'worsened', '2022-03-10'),
(7, 21, 'died', '2020-12-18'),
(8, 145, 'recovered', '2022-08-21'),
(9, 136, 'died', '2020-08-04'),
(10, 107, 'recovered', '2021-12-02'),
(11, 7, 'worsened', '2020-07-10'),
(12, 90, 'died', '2021-03-29'),
(13, 99, 'died', '2021-10-20'),
(14, 89, 'recovered', '2020-09-12'),
(15, 33, 'died', '2021-06-08'),
(16, 85, 'recovered', '2021-12-23'),
(16, 85, 'relapse', '2022-03-06'),
(17, 97, 'recovered', '2021-06-26'),
(17, 97, 'relapse', '2021-12-07'),
(18, 51, 'recovered', '2022-07-24'),
(19, 51, 'recovered', '2020-08-30'),
(19, 51, 'relapse', '2020-12-16'),
(20, 12, 'recovered', '2020-03-28'),
(20, 12, 'relapse', '2020-07-15'),
(21, 91, 'died', '2021-09-24'),
(22, 53, 'worsened', '2021-08-19'),
(23, 48, 'worsened', '2020-07-08'),
(24, 6, 'worsened', '2022-08-06'),
(25, 8, 'died', '2021-10-28'),
(26, 134, 'worsened', '2020-12-01'),
(27, 67, 'died', '2021-08-01'),
(28, 85, 'recovered', '2021-06-20'),
(29, 57, 'worsened', '2020-06-17'),
(30, 92, 'died', '2020-10-31'),
(31, 110, 'worsened', '2022-02-14'),
(32, 78, 'recovered', '2020-12-21'),
(32, 78, 'relapse', '2021-03-10'),
(33, 96, 'worsened', '2021-12-31'),
(34, 121, 'recovered', '2020-09-10'),
(34, 121, 'relapse', '2020-12-30'),
(35, 103, 'worsened', '2022-06-21'),
(36, 91, 'died', '2021-03-02'),
(37, 133, 'worsened', '2020-12-05'),
(38, 143, 'recovered', '2021-06-01'),
(39, 20, 'recovered', '2022-10-12'),
(39, 20, 'relapse', '2023-02-17'),
(40, 92, 'worsened', '2020-02-12'),
(41, 101, 'worsened', '2020-08-21'),
(42, 119, 'recovered', '2020-06-27'),
(43, 112, 'recovered', '2022-08-04'),
(43, 112, 'relapse', '2022-12-09'),
(44, 129, 'worsened', '2021-07-04'),
(45, 105, 'worsened', '2022-02-20'),
(46, 86, 'recovered', '2020-02-16'),
(46, 86, 'relapse', '2020-08-01'),
(47, 56, 'recovered', '2021-05-10'),
(47, 56, 'relapse', '2021-06-25'),
(48, 133, 'worsened', '2021-06-26'),
(49, 132, 'worsened', '2021-06-05'),
(50, 119, 'recovered', '2021-04-16'),
(50, 119, 'relapse', '2021-06-23'),
(51, 38, 'recovered', '2021-06-09'),
(51, 38, 'relapse', '2021-08-23'),
(52, 68, 'worsened', '2021-12-12'),
(53, 78, 'died', '2022-05-08'),
(54, 102, 'died', '2022-05-24'),
(55, 107, 'worsened', '2020-12-20'),
(56, 102, 'recovered', '2022-10-17'),
(56, 102, 'relapse', '2023-02-18'),
(57, 15, 'worsened', '2022-11-09'),
(58, 23, 'died', '2021-12-17'),
(59, 13, 'worsened', '2020-07-17'),
(60, 55, 'died', '2022-11-14'),
(61, 53, 'recovered', '2021-06-13'),
(61, 53, 'relapse', '2021-08-16'),
(62, 118, 'died', '2021-10-26'),
(63, 1, 'died', '2020-05-26'),
(64, 102, 'died', '2020-12-06'),
(65, 55, 'recovered', '2022-11-04'),
(66, 82, 'worsened', '2021-06-27'),
(67, 132, 'died', '2021-05-13'),
(68, 130, 'worsened', '2021-05-16'),
(69, 90, 'worsened', '2020-06-18'),
(70, 108, 'died', '2020-04-19'),
(71, 79, 'recovered', '2022-12-31'),
(72, 73, 'died', '2020-12-15'),
(73, 39, 'recovered', '2021-06-12'),
(73, 39, 'relapse', '2021-11-29'),
(74, 27, 'recovered', '2020-04-07'),
(74, 27, 'relapse', '2020-10-04'),
(75, 65, 'died', '2020-11-13'),
(76, 68, 'worsened', '2022-08-12'),
(77, 90, 'died', '2022-04-23'),
(78, 98, 'worsened', '2022-04-11'),
(79, 97, 'died', '2022-03-22'),
(80, 82, 'died', '2022-02-12'),
(81, 67, 'worsened', '2020-06-12'),
(82, 83, 'worsened', '2022-07-23'),
(83, 25, 'recovered', '2022-06-28'),
(84, 43, 'worsened', '2022-02-27'),
(85, 12, 'died', '2021-12-11'),
(86, 75, 'died', '2020-12-23'),
(87, 43, 'recovered', '2020-09-16'),
(87, 43, 'relapse', '2020-12-10'),
(88, 27, 'died', '2023-01-21'),
(89, 61, 'died', '2022-07-20'),
(90, 142, 'died', '2021-09-18'),
(91, 66, 'worsened', '2022-06-20'),
(92, 99, 'worsened', '2022-09-14'),
(93, 100, 'worsened', '2022-01-07'),
(94, 45, 'died', '2020-07-20'),
(95, 133, 'recovered', '2020-09-28'),
(95, 133, 'relapse', '2021-01-10'),
(96, 139, 'worsened', '2022-02-25'),
(97, 138, 'died', '2022-02-23'),
(98, 126, 'died', '2022-09-04'),
(99, 54, 'recovered', '2021-03-31'),
(100, 91, 'died', '2021-07-10'),
(101, 54, 'died', '2022-08-12'),
(102, 98, 'worsened', '2021-04-20'),
(103, 130, 'died', '2022-06-15'),
(104, 74, 'recovered', '2021-02-06'),
(105, 131, 'died', '2021-01-14'),
(106, 142, 'worsened', '2022-04-26'),
(107, 83, 'recovered', '2020-08-19'),
(108, 75, 'died', '2021-04-20'),
(109, 101, 'died', '2021-06-17'),
(110, 51, 'worsened', '2022-02-24'),
(111, 121, 'died', '2021-11-01'),
(112, 71, 'recovered', '2020-12-25'),
(113, 53, 'worsened', '2021-08-10'),
(114, 84, 'died', '2021-10-10'),
(115, 45, 'worsened', '2020-05-12'),
(116, 47, 'recovered', '2020-09-08'),
(117, 2, 'worsened', '2022-11-15'),
(118, 126, 'died', '2020-09-13'),
(119, 104, 'recovered', '2020-09-08'),
(120, 75, 'recovered', '2021-02-07'),
(121, 16, 'died', '2020-08-31'),
(122, 39, 'recovered', '2020-08-29'),
(122, 39, 'relapse', '2020-12-12'),
(123, 145, 'worsened', '2021-06-25'),
(124, 125, 'worsened', '2020-07-12'),
(125, 117, 'died', '2020-05-03'),
(126, 59, 'recovered', '2021-03-29'),
(126, 59, 'relapse', '2021-08-12'),
(127, 76, 'recovered', '2022-08-12'),
(128, 126, 'died', '2022-11-18'),
(129, 133, 'died', '2021-05-11'),
(130, 145, 'worsened', '2021-09-29'),
(131, 41, 'worsened', '2021-09-19'),
(132, 132, 'died', '2022-02-19'),
(133, 34, 'worsened', '2021-03-02'),
(134, 8, 'recovered', '2023-01-03'),
(134, 8, 'relapse', '2023-03-12'),
(135, 126, 'recovered', '2020-04-21'),
(135, 126, 'relapse', '2020-09-05'),
(136, 75, 'died', '2020-04-13'),
(137, 67, 'recovered', '2021-02-06'),
(138, 64, 'died', '2022-08-02'),
(139, 65, 'died', '2021-05-12'),
(140, 141, 'recovered', '2022-07-04'),
(141, 93, 'recovered', '2020-10-14'),
(141, 93, 'relapse', '2021-02-01'),
(142, 99, 'worsened', '2021-05-13'),
(143, 30, 'died', '2022-10-20'),
(144, 26, 'died', '2023-02-20'),
(145, 44, 'died', '2022-02-17'),
(146, 37, 'worsened', '2022-07-16'),
(147, 51, 'died', '2021-10-30'),
(148, 85, 'died', '2020-09-22'),
(149, 29, 'died', '2021-12-17'),
(150, 58, 'worsened', '2021-09-07'),
(151, 122, 'died', '2021-07-06'),
(152, 8, 'died', '2020-08-18'),
(153, 25, 'died', '2022-01-29'),
(154, 117, 'died', '2020-10-28'),
(155, 103, 'recovered', '2022-03-03'),
(156, 59, 'died', '2022-09-30'),
(157, 22, 'recovered', '2021-07-15'),
(157, 22, 'relapse', '2021-11-11'),
(158, 7, 'died', '2020-02-11'),
(159, 136, 'died', '2022-02-25'),
(160, 142, 'recovered', '2021-09-01'),
(161, 135, 'worsened', '2022-05-11'),
(162, 60, 'recovered', '2022-06-18'),
(163, 119, 'died', '2022-05-27'),
(164, 57, 'died', '2021-12-23'),
(165, 140, 'worsened', '2020-09-25'),
(166, 62, 'recovered', '2022-10-29'),
(167, 104, 'recovered', '2020-12-01'),
(168, 11, 'worsened', '2022-09-21'),
(169, 22, 'recovered', '2020-06-28'),
(170, 90, 'worsened', '2020-03-16'),
(171, 24, 'died', '2021-06-05'),
(172, 31, 'worsened', '2021-06-04'),
(173, 123, 'died', '2021-11-15'),
(174, 74, 'worsened', '2020-12-14'),
(175, 14, 'recovered', '2022-04-21'),
(176, 69, 'worsened', '2022-05-28'),
(177, 57, 'recovered', '2020-06-28'),
(178, 30, 'worsened', '2020-10-16'),
(179, 83, 'worsened', '2021-09-16'),
(180, 128, 'recovered', '2020-10-10'),
(180, 128, 'relapse', '2021-01-29'),
(181, 131, 'recovered', '2020-12-14'),
(182, 103, 'died', '2022-09-23'),
(183, 14, 'died', '2021-08-08'),
(184, 81, 'died', '2021-08-07'),
(185, 14, 'worsened', '2021-07-21'),
(186, 109, 'died', '2022-04-13'),
(187, 26, 'worsened', '2021-10-22'),
(188, 139, 'worsened', '2022-04-30'),
(189, 121, 'worsened', '2021-05-04'),
(190, 66, 'worsened', '2022-08-24'),
(191, 73, 'died', '2021-02-17'),
(192, 33, 'worsened', '2021-11-20'),
(193, 55, 'worsened', '2021-10-17'),
(194, 115, 'died', '2020-07-31'),
(195, 119, 'worsened', '2021-06-08'),
(196, 87, 'worsened', '2022-05-22'),
(197, 136, 'died', '2020-06-13'),
(198, 33, 'recovered', '2022-09-03'),
(198, 33, 'relapse', '2022-11-18'),
(199, 83, 'worsened', '2021-09-24'),
(200, 94, 'died', '2020-05-17'),
(201, 74, 'died', '2021-06-06'),
(202, 117, 'worsened', '2022-05-20'),
(203, 83, 'worsened', '2021-06-02'),
(204, 137, 'recovered', '2021-05-25'),
(204, 137, 'relapse', '2021-09-22'),
(205, 20, 'recovered', '2022-03-06'),
(205, 20, 'relapse', '2022-07-13'),
(206, 41, 'recovered', '2021-11-15'),
(206, 41, 'relapse', '2022-04-09'),
(207, 126, 'recovered', '2021-02-27'),
(207, 126, 'relapse', '2021-04-21'),
(208, 139, 'died', '2022-10-16'),
(209, 65, 'recovered', '2020-12-01'),
(209, 65, 'relapse', '2021-03-18'),
(210, 16, 'recovered', '2020-03-15'),
(210, 16, 'relapse', '2020-06-20'),
(211, 114, 'recovered', '2021-12-02'),
(212, 146, 'worsened', '2022-07-25'),
(213, 134, 'recovered', '2020-05-28'),
(213, 134, 'relapse', '2020-08-23'),
(214, 22, 'recovered', '2021-07-01'),
(215, 57, 'died', '2020-12-16'),
(216, 81, 'died', '2022-03-16'),
(217, 61, 'recovered', '2020-06-13'),
(218, 22, 'recovered', '2022-07-24'),
(219, 99, 'recovered', '2021-08-23'),
(219, 99, 'relapse', '2021-11-11'),
(220, 91, 'died', '2022-09-12'),
(221, 118, 'recovered', '2022-01-05'),
(221, 118, 'relapse', '2022-06-18'),
(222, 143, 'died', '2022-04-25'),
(223, 89, 'worsened', '2021-07-12'),
(224, 94, 'worsened', '2022-02-23'),
(225, 104, 'died', '2022-06-21'),
(226, 132, 'worsened', '2020-05-21'),
(227, 33, 'worsened', '2022-03-20'),
(228, 6, 'worsened', '2020-04-26'),
(229, 65, 'died', '2020-12-30'),
(230, 111, 'died', '2020-09-17'),
(231, 140, 'worsened', '2021-11-03'),
(232, 126, 'worsened', '2020-06-21'),
(233, 73, 'recovered', '2023-04-16'),
(233, 73, 'relapse', '2023-09-29'),
(234, 29, 'recovered', '2021-09-13'),
(235, 99, 'worsened', '2020-04-28'),
(236, 7, 'worsened', '2022-08-15'),
(237, 78, 'died', '2021-10-30'),
(238, 37, 'recovered', '2021-11-09'),
(239, 76, 'died', '2021-01-08'),
(240, 124, 'worsened', '2022-01-15'),
(241, 65, 'worsened', '2020-08-13'),
(242, 102, 'recovered', '2022-03-24'),
(243, 75, 'recovered', '2021-06-11'),
(243, 75, 'relapse', '2021-08-19'),
(244, 67, 'recovered', '2022-10-11'),
(244, 67, 'relapse', '2022-12-02'),
(245, 139, 'worsened', '2021-09-06'),
(246, 20, 'recovered', '2022-05-21'),
(246, 20, 'relapse', '2022-09-19'),
(247, 55, 'recovered', '2021-06-10'),
(248, 11, 'recovered', '2021-11-16'),
(248, 11, 'relapse', '2022-03-04'),
(249, 64, 'recovered', '2021-02-21'),
(249, 64, 'relapse', '2021-04-14'),
(250, 109, 'worsened', '2022-04-24'),
(251, 2, 'worsened', '2021-08-04'),
(252, 24, 'died', '2020-07-26'),
(253, 39, 'died', '2020-08-27'),
(254, 80, 'worsened', '2021-09-04'),
(255, 126, 'worsened', '2021-04-27'),
(256, 65, 'died', '2021-03-14'),
(257, 107, 'worsened', '2021-11-03'),
(258, 132, 'worsened', '2022-09-29'),
(259, 89, 'died', '2022-03-30'),
(260, 132, 'died', '2021-04-06'),
(261, 62, 'recovered', '2020-11-28'),
(261, 62, 'relapse', '2021-01-18'),
(262, 30, 'worsened', '2020-04-07'),
(263, 123, 'died', '2022-06-04'),
(264, 134, 'worsened', '2020-07-29'),
(265, 109, 'died', '2020-09-20'),
(266, 83, 'recovered', '2021-11-07'),
(266, 83, 'relapse', '2022-04-20'),
(267, 16, 'recovered', '2022-02-13'),
(267, 16, 'relapse', '2022-04-15'),
(268, 116, 'worsened', '2020-12-13'),
(269, 116, 'worsened', '2020-10-11'),
(270, 16, 'worsened', '2020-09-14'),
(271, 109, 'died', '2021-04-05'),
(272, 97, 'died', '2020-07-30'),
(273, 120, 'died', '2023-06-27'),
(274, 93, 'recovered', '2021-12-14'),
(274, 93, 'relapse', '2022-03-23'),
(275, 67, 'worsened', '2022-03-10'),
(276, 71, 'recovered', '2020-01-16'),
(276, 71, 'relapse', '2020-04-13'),
(277, 101, 'worsened', '2022-02-04'),
(278, 145, 'worsened', '2021-04-30'),
(279, 94, 'recovered', '2021-11-06'),
(279, 94, 'relapse', '2022-04-01'),
(280, 123, 'worsened', '2022-11-10'),
(281, 6, 'recovered', '2020-05-13'),
(281, 6, 'relapse', '2020-10-08'),
(282, 78, 'worsened', '2021-08-01'),
(283, 119, 'died', '2021-09-23'),
(284, 91, 'recovered', '2020-10-15'),
(284, 91, 'relapse', '2020-12-15'),
(285, 62, 'worsened', '2022-08-29'),
(286, 14, 'died', '2021-07-04'),
(287, 89, 'worsened', '2022-08-19'),
(288, 39, 'worsened', '2020-05-30'),
(289, 109, 'recovered', '2021-10-24'),
(290, 70, 'worsened', '2023-03-22'),
(291, 18, 'died', '2021-07-11'),
(292, 91, 'worsened', '2022-01-27'),
(293, 49, 'recovered', '2020-07-07'),
(294, 135, 'died', '2021-08-13'),
(295, 127, 'died', '2022-01-12'),
(296, 106, 'died', '2020-07-21'),
(297, 132, 'died', '2021-09-20'),
(298, 71, 'worsened', '2020-12-20'),
(299, 103, 'recovered', '2020-08-15'),
(300, 54, 'died', '2021-02-25'),
(301, 33, 'died', '2020-12-19'),
(302, 19, 'recovered', '2020-11-21'),
(303, 65, 'worsened', '2022-02-24'),
(304, 116, 'recovered', '2020-10-03'),
(305, 59, 'worsened', '2023-01-30'),
(306, 68, 'died', '2022-06-15'),
(307, 128, 'died', '2022-12-23'),
(308, 51, 'recovered', '2022-02-12'),
(309, 23, 'worsened', '2020-01-24'),
(310, 93, 'worsened', '2021-06-12'),
(311, 16, 'worsened', '2021-03-03'),
(312, 88, 'recovered', '2022-08-12'),
(313, 131, 'died', '2021-01-10'),
(314, 91, 'died', '2021-08-21'),
(315, 108, 'died', '2021-02-26'),
(316, 25, 'recovered', '2020-08-23'),
(317, 7, 'worsened', '2020-06-15'),
(318, 126, 'died', '2021-07-16'),
(319, 72, 'worsened', '2022-08-15'),
(320, 45, 'worsened', '2020-08-21'),
(321, 121, 'recovered', '2021-01-06'),
(322, 62, 'worsened', '2022-01-13'),
(323, 114, 'recovered', '2023-02-03'),
(324, 146, 'recovered', '2022-02-13'),
(325, 142, 'worsened', '2021-02-25'),
(326, 22, 'recovered', '2020-10-05'),
(327, 94, 'recovered', '2022-07-15'),
(328, 138, 'worsened', '2021-11-15'),
(329, 61, 'worsened', '2020-08-28'),
(330, 130, 'recovered', '2020-09-14'),
(331, 99, 'worsened', '2022-12-22'),
(332, 36, 'recovered', '2022-09-04'),
(333, 26, 'recovered', '2022-06-12'),
(334, 46, 'died', '2020-08-06'),
(335, 68, 'worsened', '2021-11-11'),
(336, 120, 'worsened', '2022-11-17'),
(337, 104, 'died', '2020-07-11'),
(338, 96, 'recovered', '2021-02-18'),
(339, 97, 'worsened', '2021-01-05'),
(340, 109, 'recovered', '2020-11-11'),
(341, 118, 'recovered', '2022-04-24'),
(342, 60, 'recovered', '2021-07-13'),
(343, 102, 'recovered', '2021-04-06'),
(344, 79, 'recovered', '2022-07-04'),
(345, 141, 'worsened', '2022-03-14'),
(346, 92, 'died', '2020-12-13'),
(347, 34, 'died', '2020-05-23'),
(348, 142, 'died', '2022-10-25'),
(349, 118, 'recovered', '2021-06-26'),
(350, 37, 'died', '2021-04-24'),
(351, 51, 'died', '2020-05-11'),
(352, 134, 'died', '2021-04-18'),
(353, 92, 'worsened', '2021-08-11'),
(354, 39, 'recovered', '2022-08-11'),
(355, 36, 'died', '2020-03-28'),
(356, 61, 'died', '2022-02-21'),
(357, 140, 'worsened', '2021-08-05'),
(358, 121, 'died', '2020-10-29'),
(359, 120, 'recovered', '2021-06-27'),
(360, 98, 'worsened', '2021-01-10'),
(361, 52, 'worsened', '2021-12-21'),
(362, 78, 'recovered', '2021-01-01'),
(363, 121, 'worsened', '2023-02-19'),
(364, 82, 'died', '2020-07-04'),
(365, 89, 'died', '2021-09-28'),
(366, 54, 'recovered', '2021-08-30'),
(367, 31, 'recovered', '2022-04-04'),
(368, 108, 'died', '2021-08-05'),
(369, 78, 'died', '2022-04-24'),
(370, 52, 'worsened', '2021-08-06'),
(371, 128, 'died', '2021-05-13'),
(372, 72, 'died', '2022-08-04'),
(373, 70, 'died', '2022-10-14'),
(374, 61, 'worsened', '2020-10-26'),
(375, 117, 'worsened', '2022-08-04'),
(376, 42, 'recovered', '2022-07-12'),
(377, 2, 'worsened', '2021-08-16'),
(378, 40, 'worsened', '2020-09-06'),
(379, 101, 'recovered', '2021-07-04'),
(380, 129, 'recovered', '2020-11-22'),
(381, 136, 'worsened', '2020-05-14'),
(382, 96, 'died', '2022-10-10'),
(383, 145, 'recovered', '2020-12-11'),
(384, 78, 'recovered', '2022-06-22'),
(385, 118, 'died', '2022-05-05'),
(386, 107, 'worsened', '2021-07-05'),
(387, 127, 'worsened', '2020-11-09'),
(388, 112, 'died', '2022-02-08'),
(389, 141, 'worsened', '2020-08-23'),
(390, 96, 'worsened', '2022-07-20'),
(391, 103, 'died', '2020-12-28'),
(392, 136, 'worsened', '2021-04-21'),
(393, 68, 'recovered', '2021-04-21'),
(394, 135, 'recovered', '2021-08-27'),
(395, 10, 'worsened', '2020-05-13'),
(396, 124, 'died', '2020-02-01'),
(397, 94, 'worsened', '2021-02-04'),
(398, 55, 'worsened', '2020-10-03'),
(399, 93, 'worsened', '2023-01-11'),
(400, 136, 'died', '2022-12-11'),
(401, 64, 'died', '2022-05-29'),
(402, 123, 'died', '2021-09-07'),
(403, 48, 'died', '2021-02-25'),
(404, 42, 'died', '2020-11-20'),
(405, 134, 'died', '2022-05-31'),
(406, 67, 'recovered', '2020-10-17'),
(407, 109, 'died', '2022-02-21'),
(408, 116, 'worsened', '2022-08-21'),
(409, 144, 'worsened', '2020-02-07'),
(410, 124, 'worsened', '2020-09-26'),
(411, 48, 'worsened', '2022-07-05'),
(412, 140, 'died', '2020-05-15'),
(413, 34, 'worsened', '2021-04-30'),
(414, 72, 'worsened', '2020-11-11'),
(415, 19, 'recovered', '2021-12-10'),
(416, 128, 'died', '2021-07-31'),
(417, 73, 'worsened', '2023-01-28'),
(418, 102, 'worsened', '2021-07-27'),
(419, 74, 'worsened', '2022-11-30'),
(420, 94, 'died', '2020-10-17'),
(421, 118, 'recovered', '2020-12-05'),
(422, 62, 'died', '2021-12-22'),
(423, 141, 'died', '2022-10-26'),
(424, 96, 'died', '2022-06-06'),
(425, 44, 'worsened', '2022-10-11'),
(426, 91, 'died', '2020-11-05'),
(427, 18, 'died', '2021-09-24'),
(428, 132, 'recovered', '2021-08-02'),
(429, 11, 'recovered', '2020-11-08'),
(430, 21, 'worsened', '2020-07-22'),
(431, 14, 'died', '2022-03-26'),
(432, 128, 'died', '2020-06-19'),
(433, 89, 'worsened', '2021-03-05'),
(434, 146, 'died', '2020-03-12'),
(435, 15, 'died', '2021-07-31'),
(436, 79, 'recovered', '2021-04-29'),
(437, 57, 'died', '2022-07-27'),
(438, 27, 'worsened', '2021-05-06'),
(439, 90, 'worsened', '2022-05-10'),
(440, 120, 'died', '2022-06-03'),
(441, 144, 'died', '2021-04-05'),
(442, 106, 'died', '2021-01-03'),
(443, 40, 'died', '2022-03-26'),
(444, 96, 'recovered', '2020-08-15'),
(445, 87, 'died', '2021-04-02'),
(446, 127, 'worsened', '2020-09-22'),
(447, 70, 'worsened', '2021-12-08'),
(448, 84, 'died', '2020-08-16'),
(449, 24, 'worsened', '2020-10-22'),
(450, 84, 'died', '2020-11-26'),
(451, 54, 'died', '2020-06-27'),
(452, 108, 'recovered', '2022-03-31'),
(453, 121, 'recovered', '2021-10-24'),
(454, 52, 'worsened', '2020-07-14'),
(455, 94, 'died', '2020-05-03'),
(456, 10, 'recovered', '2021-08-02'),
(457, 90, 'died', '2023-02-10'),
(458, 94, 'died', '2021-09-12'),
(459, 13, 'worsened', '2020-05-11'),
(460, 100, 'recovered', '2022-05-14'),
(461, 31, 'died', '2022-10-06'),
(462, 43, 'recovered', '2020-04-13'),
(463, 144, 'died', '2021-04-19'),
(464, 109, 'recovered', '2022-08-04'),
(465, 134, 'worsened', '2022-10-12'),
(466, 16, 'recovered', '2021-12-21'),
(467, 92, 'died', '2020-12-25'),
(468, 79, 'died', '2021-10-22'),
(469, 61, 'recovered', '2021-04-30'),
(470, 127, 'worsened', '2022-12-10'),
(471, 84, 'died', '2020-06-18'),
(472, 88, 'died', '2022-06-05'),
(473, 92, 'worsened', '2022-02-16'),
(474, 106, 'recovered', '2020-05-18'),
(475, 70, 'died', '2020-10-30'),
(476, 63, 'recovered', '2020-07-01'),
(477, 115, 'died', '2022-07-07'),
(478, 28, 'recovered', '2020-07-11'),
(479, 55, 'died', '2021-08-11'),
(480, 53, 'died', '2021-08-12'),
(481, 143, 'recovered', '2021-04-21'),
(482, 42, 'died', '2020-10-30'),
(483, 62, 'worsened', '2020-03-12'),
(484, 109, 'worsened', '2022-02-04'),
(485, 50, 'died', '2021-08-09'),
(486, 63, 'recovered', '2020-09-03'),
(487, 43, 'recovered', '2021-09-13'),
(488, 18, 'died', '2020-01-13'),
(489, 64, 'died', '2021-02-04'),
(490, 119, 'died', '2021-01-18'),
(491, 91, 'worsened', '2022-09-28'),
(492, 145, 'worsened', '2020-12-31'),
(493, 134, 'worsened', '2020-08-18'),
(494, 139, 'recovered', '2020-05-13'),
(495, 79, 'worsened', '2021-08-31'),
(496, 96, 'died', '2020-04-15'),
(497, 107, 'worsened', '2022-06-08'),
(498, 130, 'died', '2021-10-23'),
(499, 85, 'died', '2021-11-17'),
(500, 4, 'died', '2020-10-01'),
(501, 126, 'worsened', '2022-07-03'),
(502, 100, 'recovered', '2021-10-04'),
(503, 81, 'died', '2020-08-12'),
(504, 133, 'recovered', '2022-01-26'),
(505, 67, 'worsened', '2021-02-05'),
(506, 56, 'died', '2022-08-17'),
(507, 109, 'died', '2021-05-08'),
(508, 60, 'died', '2021-09-02'),
(509, 93, 'worsened', '2020-11-20'),
(510, 137, 'worsened', '2022-11-20'),
(511, 39, 'worsened', '2021-10-10'),
(512, 80, 'worsened', '2021-06-11'),
(513, 15, 'worsened', '2021-03-30'),
(514, 96, 'recovered', '2021-02-15'),
(515, 57, 'died', '2021-05-13'),
(516, 120, 'recovered', '2020-09-14'),
(517, 35, 'died', '2020-08-12'),
(518, 138, 'died', '2021-04-19'),
(519, 22, 'worsened', '2022-10-27'),
(520, 57, 'recovered', '2022-03-19'),
(521, 19, 'died', '2022-11-12'),
(522, 101, 'worsened', '2022-04-01'),
(523, 52, 'recovered', '2020-09-29'),
(524, 51, 'died', '2021-07-30'),
(525, 102, 'worsened', '2021-08-09'),
(526, 75, 'died', '2021-06-21'),
(527, 123, 'worsened', '2021-08-01'),
(528, 38, 'recovered', '2022-09-06'),
(529, 97, 'died', '2022-04-09'),
(530, 24, 'died', '2021-05-25'),
(531, 104, 'died', '2022-06-24'),
(532, 122, 'worsened', '2021-01-19'),
(533, 105, 'died', '2022-03-25'),
(534, 52, 'worsened', '2020-02-19'),
(535, 90, 'worsened', '2021-01-26'),
(536, 84, 'recovered', '2020-04-03'),
(537, 25, 'worsened', '2021-01-26'),
(538, 36, 'died', '2021-04-01'),
(539, 31, 'died', '2020-12-28'),
(540, 107, 'recovered', '2021-11-11'),
(541, 74, 'worsened', '2022-08-20'),
(542, 79, 'recovered', '2022-02-03'),
(543, 63, 'worsened', '2020-07-26'),
(544, 86, 'worsened', '2021-11-25'),
(545, 98, 'recovered', '2020-04-28'),
(546, 131, 'worsened', '2021-12-08'),
(547, 116, 'worsened', '2020-10-03'),
(548, 20, 'recovered', '2020-06-07'),
(549, 90, 'recovered', '2021-04-26'),
(550, 37, 'worsened', '2022-08-20'),
(551, 137, 'died', '2021-07-08'),
(552, 86, 'died', '2021-05-10'),
(553, 111, 'worsened', '2021-11-11'),
(554, 86, 'worsened', '2021-06-12'),
(555, 144, 'recovered', '2020-09-28'),
(556, 122, 'worsened', '2022-03-23'),
(557, 80, 'died', '2022-10-03'),
(558, 127, 'worsened', '2022-09-27'),
(559, 127, 'died', '2023-01-26'),
(560, 98, 'recovered', '2022-11-01'),
(561, 92, 'worsened', '2020-10-17'),
(562, 37, 'died', '2022-02-17'),
(563, 100, 'worsened', '2021-04-22'),
(564, 107, 'worsened', '2022-05-13'),
(565, 75, 'recovered', '2022-03-18'),
(566, 81, 'recovered', '2020-02-26'),
(567, 135, 'worsened', '2020-09-23'),
(568, 101, 'recovered', '2021-04-20'),
(569, 28, 'worsened', '2022-04-13'),
(570, 75, 'worsened', '2022-12-11'),
(571, 63, 'died', '2020-07-29'),
(572, 27, 'died', '2022-01-15'),
(573, 46, 'died', '2020-07-10'),
(574, 14, 'died', '2020-07-24'),
(575, 32, 'recovered', '2021-08-04'),
(576, 18, 'recovered', '2020-06-13'),
(577, 145, 'worsened', '2022-07-01'),
(578, 138, 'recovered', '2021-03-19'),
(579, 78, 'recovered', '2022-06-29'),
(580, 136, 'recovered', '2022-02-23'),
(581, 137, 'worsened', '2020-05-03'),
(582, 80, 'recovered', '2022-07-15'),
(583, 12, 'worsened', '2022-03-02'),
(584, 141, 'died', '2020-04-02'),
(585, 117, 'recovered', '2021-11-22'),
(586, 69, 'recovered', '2021-02-03'),
(587, 145, 'worsened', '2020-05-17'),
(588, 93, 'recovered', '2021-07-04'),
(589, 90, 'died', '2020-04-07'),
(590, 112, 'worsened', '2021-06-20'),
(591, 87, 'died', '2021-04-25'),
(592, 133, 'died', '2021-11-01'),
(593, 145, 'died', '2020-09-20'),
(594, 124, 'died', '2021-07-22'),
(595, 110, 'died', '2021-04-07'),
(596, 45, 'died', '2022-07-15'),
(597, 2, 'worsened', '2021-06-14'),
(598, 61, 'worsened', '2021-10-30'),
(599, 144, 'recovered', '2021-11-13'),
(600, 63, 'worsened', '2022-05-16'),
(601, 80, 'died', '2020-06-24'),
(602, 65, 'died', '2020-07-09'),
(603, 69, 'died', '2021-07-11'),
(604, 64, 'recovered', '2021-11-27'),
(605, 105, 'recovered', '2022-09-25'),
(606, 33, 'worsened', '2021-05-31'),
(607, 63, 'worsened', '2022-07-16'),
(608, 18, 'died', '2022-08-19'),
(609, 9, 'worsened', '2021-11-17'),
(610, 108, 'worsened', '2022-03-04'),
(611, 106, 'worsened', '2021-08-09'),
(612, 77, 'died', '2020-04-07'),
(613, 92, 'worsened', '2020-05-25'),
(614, 33, 'worsened', '2020-10-16'),
(615, 70, 'recovered', '2020-02-08'),
(616, 82, 'recovered', '2022-08-10'),
(617, 28, 'worsened', '2021-11-04'),
(618, 102, 'died', '2020-07-24'),
(619, 47, 'died', '2021-09-01'),
(620, 123, 'died', '2021-01-26'),
(621, 76, 'recovered', '2020-04-21'),
(622, 138, 'recovered', '2021-10-09'),
(623, 102, 'worsened', '2022-05-27'),
(624, 34, 'recovered', '2020-11-13'),
(625, 79, 'recovered', '2021-09-17'),
(626, 86, 'recovered', '2020-03-27'),
(627, 6, 'recovered', '2021-05-05'),
(628, 132, 'worsened', '2020-03-05'),
(629, 131, 'worsened', '2020-01-25'),
(630, 130, 'died', '2022-09-06'),
(631, 118, 'recovered', '2021-05-13'),
(632, 30, 'recovered', '2020-12-14'),
(633, 128, 'worsened', '2022-02-17'),
(634, 131, 'died', '2022-08-11'),
(635, 133, 'worsened', '2021-03-19'),
(636, 88, 'recovered', '2020-01-22'),
(637, 55, 'died', '2021-10-31'),
(638, 86, 'died', '2021-10-05'),
(639, 106, 'died', '2022-01-07'),
(640, 78, 'died', '2022-09-08'),
(641, 126, 'worsened', '2021-11-06'),
(642, 140, 'recovered', '2021-09-20'),
(643, 89, 'worsened', '2020-07-31'),
(644, 10, 'recovered', '2022-02-26'),
(645, 5, 'worsened', '2021-08-27'),
(646, 63, 'recovered', '2023-04-20'),
(647, 11, 'died', '2021-02-07'),
(648, 145, 'worsened', '2020-09-15'),
(649, 106, 'worsened', '2021-07-12'),
(650, 126, 'died', '2022-10-24'),
(651, 58, 'recovered', '2022-05-04'),
(652, 142, 'recovered', '2021-05-19'),
(653, 33, 'recovered', '2021-08-16'),
(654, 13, 'died', '2020-02-23'),
(655, 58, 'recovered', '2022-06-14'),
(656, 53, 'recovered', '2022-03-02'),
(657, 78, 'worsened', '2022-04-07'),
(658, 74, 'died', '2021-08-05'),
(659, 129, 'died', '2020-01-21'),
(660, 145, 'worsened', '2022-02-17'),
(661, 90, 'recovered', '2021-01-07'),
(662, 141, 'worsened', '2022-04-14'),
(663, 4, 'worsened', '2022-07-21'),
(664, 56, 'died', '2021-10-16'),
(665, 133, 'died', '2021-02-15'),
(666, 123, 'died', '2020-09-25'),
(667, 90, 'died', '2021-05-08'),
(668, 145, 'worsened', '2021-09-24'),
(669, 96, 'worsened', '2022-04-02'),
(670, 109, 'worsened', '2022-01-10'),
(671, 75, 'worsened', '2020-03-24'),
(672, 106, 'recovered', '2022-02-19'),
(673, 36, 'recovered', '2021-05-18'),
(674, 9, 'worsened', '2021-01-10'),
(675, 85, 'worsened', '2022-12-07'),
(676, 79, 'died', '2022-08-10'),
(677, 92, 'recovered', '2022-02-20'),
(678, 53, 'worsened', '2020-10-26'),
(679, 19, 'worsened', '2022-05-08'),
(680, 146, 'died', '2022-06-23'),
(681, 72, 'recovered', '2020-05-09'),
(682, 143, 'recovered', '2022-10-13'),
(683, 105, 'recovered', '2021-05-24'),
(684, 103, 'recovered', '2022-01-23'),
(685, 2, 'died', '2022-03-25'),
(686, 47, 'died', '2021-02-03'),
(687, 38, 'died', '2021-08-08'),
(688, 75, 'recovered', '2021-11-10'),
(689, 99, 'died', '2020-11-15'),
(690, 41, 'died', '2022-07-14'),
(691, 104, 'died', '2021-02-20'),
(692, 98, 'died', '2021-10-20'),
(693, 79, 'died', '2021-01-12'),
(694, 95, 'worsened', '2021-12-17'),
(695, 76, 'recovered', '2022-06-10'),
(696, 47, 'recovered', '2020-10-21'),
(697, 68, 'died', '2020-06-07'),
(698, 120, 'recovered', '2022-03-24'),
(699, 29, 'recovered', '2022-10-04'),
(700, 37, 'worsened', '2022-08-14'),
(701, 143, 'died', '2023-01-03'),
(702, 74, 'died', '2021-01-28'),
(703, 85, 'worsened', '2020-11-27'),
(704, 83, 'recovered', '2021-07-10'),
(705, 98, 'died', '2021-04-18'),
(706, 90, 'worsened', '2020-06-09'),
(707, 116, 'worsened', '2020-08-11'),
(708, 13, 'worsened', '2022-06-07'),
(709, 25, 'died', '2020-03-13'),
(710, 117, 'worsened', '2021-08-19'),
(711, 67, 'recovered', '2021-11-02'),
(712, 70, 'recovered', '2021-03-21'),
(713, 96, 'died', '2020-12-30'),
(714, 56, 'recovered', '2021-03-25'),
(715, 81, 'worsened', '2020-11-09'),
(716, 98, 'died', '2021-02-28'),
(717, 133, 'recovered', '2020-10-14'),
(718, 94, 'recovered', '2022-07-04'),
(719, 88, 'recovered', '2022-02-04'),
(720, 96, 'died', '2022-04-19'),
(721, 49, 'worsened', '2020-06-01'),
(722, 57, 'worsened', '2021-12-09'),
(723, 84, 'recovered', '2021-07-23'),
(724, 35, 'recovered', '2022-02-16'),
(725, 126, 'worsened', '2023-01-24'),
(726, 36, 'recovered', '2020-12-26'),
(727, 35, 'worsened', '2022-08-20'),
(728, 113, 'died', '2021-11-18'),
(729, 129, 'recovered', '2022-03-21'),
(730, 105, 'worsened', '2021-01-23'),
(731, 12, 'died', '2021-01-06'),
(732, 121, 'recovered', '2020-06-06'),
(733, 141, 'worsened', '2022-01-20'),
(734, 145, 'recovered', '2020-09-01'),
(735, 140, 'died', '2021-05-18'),
(736, 105, 'died', '2022-05-07'),
(737, 101, 'worsened', '2022-08-28'),
(738, 14, 'recovered', '2021-11-20'),
(739, 104, 'recovered', '2021-04-21'),
(740, 19, 'recovered', '2021-04-01'),
(741, 91, 'died', '2020-11-09'),
(742, 54, 'died', '2020-11-24'),
(743, 44, 'died', '2020-02-27'),
(744, 4, 'recovered', '2022-07-26'),
(745, 145, 'worsened', '2021-05-31'),
(746, 110, 'died', '2020-09-02'),
(747, 40, 'died', '2021-09-24'),
(748, 137, 'worsened', '2022-09-09'),
(749, 65, 'recovered', '2020-08-12'),
(750, 129, 'died', '2022-01-13'),
(751, 40, 'died', '2020-11-23'),
(752, 99, 'died', '2021-01-24'),
(753, 107, 'worsened', '2021-04-20'),
(754, 25, 'worsened', '2022-04-17'),
(755, 123, 'worsened', '2021-12-22'),
(756, 87, 'recovered', '2021-01-25'),
(757, 144, 'recovered', '2020-06-03'),
(758, 136, 'recovered', '2022-06-04'),
(759, 44, 'recovered', '2020-07-27'),
(760, 30, 'worsened', '2021-09-25'),
(761, 115, 'worsened', '2022-06-03'),
(762, 93, 'recovered', '2023-01-19'),
(763, 132, 'worsened', '2021-04-29'),
(764, 131, 'died', '2021-08-18'),
(765, 112, 'worsened', '2020-10-11'),
(766, 90, 'worsened', '2022-02-21'),
(767, 37, 'recovered', '2021-01-21'),
(768, 132, 'died', '2020-04-20'),
(769, 93, 'recovered', '2020-05-06'),
(770, 100, 'died', '2023-05-06'),
(771, 23, 'died', '2021-02-25'),
(772, 61, 'died', '2020-10-17'),
(773, 126, 'recovered', '2020-08-13'),
(774, 137, 'worsened', '2021-08-01'),
(775, 27, 'recovered', '2020-11-04'),
(776, 99, 'recovered', '2020-04-07'),
(777, 14, 'worsened', '2020-05-30'),
(778, 125, 'worsened', '2022-05-17'),
(779, 64, 'died', '2020-06-15'),
(780, 5, 'recovered', '2021-08-04'),
(781, 133, 'recovered', '2022-03-28'),
(782, 121, 'worsened', '2020-09-13'),
(783, 111, 'worsened', '2022-06-15'),
(784, 79, 'died', '2021-07-04'),
(785, 127, 'recovered', '2022-06-08'),
(786, 64, 'worsened', '2020-11-01'),
(787, 69, 'recovered', '2022-05-19'),
(788, 14, 'recovered', '2022-06-13'),
(789, 66, 'died', '2020-09-27'),
(790, 142, 'died', '2022-06-23'),
(791, 72, 'recovered', '2021-04-14'),
(792, 76, 'died', '2023-02-14'),
(793, 114, 'died', '2020-09-30'),
(794, 13, 'recovered', '2020-06-03'),
(795, 99, 'died', '2021-11-11'),
(796, 54, 'died', '2021-06-29'),
(797, 126, 'recovered', '2021-02-07'),
(798, 55, 'worsened', '2022-11-22'),
(799, 59, 'recovered', '2021-06-10'),
(800, 71, 'worsened', '2021-07-01'),
(801, 105, 'worsened', '2022-09-13'),
(802, 141, 'recovered', '2020-11-29'),
(803, 124, 'died', '2021-08-27'),
(804, 94, 'worsened', '2021-01-31'),
(805, 36, 'recovered', '2021-10-10'),
(806, 117, 'recovered', '2021-12-29'),
(807, 121, 'worsened', '2021-09-12'),
(808, 128, 'worsened', '2021-03-10'),
(809, 69, 'worsened', '2020-05-11'),
(810, 99, 'recovered', '2020-08-17'),
(811, 135, 'worsened', '2021-04-22'),
(812, 108, 'died', '2020-10-05'),
(813, 30, 'died', '2020-08-10'),
(814, 87, 'worsened', '2020-05-21'),
(815, 115, 'recovered', '2021-11-01'),
(816, 5, 'recovered', '2020-07-20'),
(817, 82, 'recovered', '2022-10-20'),
(818, 89, 'recovered', '2020-08-25'),
(819, 101, 'worsened', '2020-05-27'),
(820, 1, 'died', '2021-04-09'),
(821, 133, 'recovered', '2021-12-12'),
(822, 26, 'worsened', '2021-04-14'),
(823, 45, 'recovered', '2022-07-12'),
(824, 61, 'died', '2021-09-24'),
(825, 109, 'died', '2020-10-15'),
(826, 54, 'recovered', '2022-02-09'),
(827, 93, 'recovered', '2023-01-08'),
(828, 96, 'worsened', '2022-01-14'),
(829, 20, 'died', '2020-09-10'),
(830, 87, 'died', '2021-10-19'),
(831, 117, 'died', '2020-05-26'),
(832, 15, 'died', '2022-05-18'),
(833, 127, 'worsened', '2021-06-08'),
(834, 90, 'worsened', '2021-07-06'),
(835, 89, 'died', '2022-09-02'),
(836, 55, 'worsened', '2022-08-20'),
(837, 143, 'worsened', '2022-06-08'),
(838, 14, 'recovered', '2020-08-26'),
(839, 59, 'worsened', '2021-07-14'),
(840, 126, 'worsened', '2021-02-08'),
(841, 58, 'died', '2021-09-03'),
(842, 72, 'died', '2022-03-17'),
(843, 102, 'worsened', '2022-09-06'),
(844, 7, 'worsened', '2021-12-04'),
(845, 114, 'worsened', '2022-02-02'),
(846, 59, 'recovered', '2020-11-06'),
(847, 141, 'died', '2022-06-07'),
(848, 124, 'died', '2022-08-27'),
(849, 146, 'died', '2021-01-19'),
(850, 82, 'worsened', '2020-11-11'),
(851, 125, 'worsened', '2021-01-27'),
(852, 19, 'recovered', '2021-05-01'),
(853, 68, 'worsened', '2022-06-04'),
(854, 97, 'died', '2021-06-05'),
(855, 53, 'died', '2022-04-26'),
(856, 80, 'recovered', '2021-10-09'),
(857, 110, 'worsened', '2020-04-28'),
(858, 69, 'died', '2021-01-02'),
(859, 30, 'recovered', '2020-11-21'),
(860, 134, 'died', '2021-04-12'),
(861, 90, 'died', '2021-09-02'),
(862, 101, 'died', '2022-04-06'),
(863, 17, 'died', '2022-08-13'),
(864, 98, 'worsened', '2021-09-11'),
(865, 48, 'died', '2022-09-26'),
(866, 83, 'recovered', '2020-04-04'),
(867, 126, 'died', '2022-05-28'),
(868, 19, 'worsened', '2020-10-18'),
(869, 134, 'died', '2021-02-18'),
(870, 73, 'worsened', '2021-01-21'),
(871, 136, 'worsened', '2022-05-12'),
(872, 48, 'died', '2022-04-27'),
(873, 75, 'worsened', '2021-04-24'),
(874, 43, 'recovered', '2020-05-22'),
(875, 62, 'died', '2023-02-28'),
(876, 61, 'died', '2022-09-26'),
(877, 11, 'died', '2021-03-19'),
(878, 12, 'recovered', '2020-11-15'),
(879, 124, 'worsened', '2022-07-08'),
(880, 125, 'worsened', '2022-04-18'),
(881, 8, 'recovered', '2020-11-10'),
(882, 45, 'worsened', '2020-12-07'),
(883, 58, 'died', '2021-11-20'),
(884, 101, 'worsened', '2021-08-19'),
(885, 70, 'recovered', '2021-08-11'),
(886, 109, 'died', '2021-08-10'),
(887, 141, 'worsened', '2021-04-24'),
(888, 71, 'died', '2021-09-07'),
(889, 100, 'died', '2021-12-17'),
(890, 12, 'recovered', '2021-11-05'),
(891, 66, 'recovered', '2020-04-21'),
(892, 94, 'worsened', '2020-05-15'),
(893, 66, 'died', '2021-02-16'),
(894, 60, 'worsened', '2021-10-16'),
(895, 125, 'worsened', '2021-08-01'),
(896, 135, 'worsened', '2020-05-28'),
(897, 98, 'worsened', '2021-03-23'),
(898, 57, 'died', '2022-06-19'),
(899, 129, 'recovered', '2020-09-25'),
(900, 53, 'recovered', '2022-06-15'),
(901, 68, 'died', '2022-04-03'),
(902, 34, 'worsened', '2022-06-28'),
(903, 104, 'died', '2021-01-05'),
(904, 71, 'died', '2020-05-12'),
(905, 145, 'recovered', '2022-07-20'),
(906, 129, 'worsened', '2022-10-05'),
(907, 48, 'worsened', '2020-12-21'),
(908, 13, 'worsened', '2020-03-11'),
(909, 67, 'died', '2022-10-17'),
(910, 47, 'recovered', '2022-11-14'),
(911, 35, 'died', '2022-03-22'),
(912, 70, 'worsened', '2022-10-12'),
(913, 69, 'recovered', '2020-01-30'),
(914, 104, 'recovered', '2021-08-05'),
(915, 133, 'worsened', '2021-09-17'),
(916, 101, 'worsened', '2022-02-25'),
(917, 101, 'worsened', '2021-01-29'),
(918, 107, 'worsened', '2022-08-06'),
(919, 140, 'died', '2021-04-17'),
(920, 36, 'worsened', '2020-06-26'),
(921, 102, 'recovered', '2021-03-01'),
(922, 44, 'recovered', '2022-08-20'),
(923, 115, 'recovered', '2022-01-24'),
(924, 73, 'worsened', '2020-07-18'),
(925, 2, 'recovered', '2022-12-09'),
(926, 66, 'died', '2021-11-29'),
(927, 101, 'recovered', '2022-05-07'),
(928, 44, 'died', '2022-03-27'),
(929, 55, 'recovered', '2021-12-11'),
(930, 25, 'recovered', '2021-07-14'),
(931, 77, 'recovered', '2020-02-09'),
(932, 99, 'died', '2020-07-09'),
(933, 41, 'recovered', '2020-09-19'),
(934, 102, 'recovered', '2022-10-24'),
(935, 61, 'recovered', '2021-04-11'),
(936, 14, 'died', '2022-07-26'),
(937, 65, 'died', '2022-10-26'),
(938, 94, 'recovered', '2020-10-15'),
(939, 9, 'worsened', '2021-09-11'),
(940, 19, 'died', '2021-05-22'),
(941, 16, 'worsened', '2022-06-18'),
(942, 145, 'died', '2021-12-21'),
(943, 23, 'died', '2022-07-20'),
(944, 111, 'worsened', '2022-02-28'),
(945, 17, 'died', '2022-06-11'),
(946, 14, 'recovered', '2022-06-13'),
(947, 8, 'worsened', '2021-03-16'),
(948, 106, 'worsened', '2021-11-17'),
(949, 144, 'recovered', '2021-07-15'),
(950, 134, 'died', '2021-04-02'),
(951, 79, 'worsened', '2022-08-24'),
(952, 77, 'worsened', '2022-09-14'),
(953, 30, 'died', '2022-01-04'),
(954, 59, 'recovered', '2021-08-04'),
(955, 44, 'died', '2021-03-15'),
(956, 59, 'recovered', '2022-11-14'),
(957, 116, 'recovered', '2020-04-05'),
(958, 118, 'worsened', '2022-10-30'),
(959, 91, 'died', '2021-07-24'),
(960, 110, 'died', '2020-03-29'),
(961, 34, 'died', '2021-05-20'),
(962, 73, 'recovered', '2021-07-13'),
(963, 84, 'worsened', '2021-12-27'),
(964, 128, 'worsened', '2022-11-01'),
(965, 113, 'died', '2020-12-04'),
(966, 99, 'recovered', '2022-06-07'),
(967, 24, 'recovered', '2020-04-29'),
(968, 123, 'died', '2021-01-13'),
(969, 123, 'died', '2021-07-27'),
(970, 68, 'worsened', '2022-07-20'),
(971, 82, 'died', '2021-11-10'),
(972, 83, 'died', '2021-06-23'),
(973, 61, 'died', '2021-03-02'),
(974, 120, 'recovered', '2020-09-04'),
(975, 60, 'worsened', '2022-10-01'),
(976, 121, 'worsened', '2021-04-23'),
(977, 4, 'recovered', '2021-03-08'),
(978, 38, 'died', '2021-11-22'),
(979, 2, 'worsened', '2022-10-12'),
(980, 144, 'recovered', '2021-09-20'),
(981, 131, 'worsened', '2021-06-03'),
(982, 68, 'recovered', '2021-10-25'),
(983, 30, 'recovered', '2022-04-17'),
(984, 9, 'died', '2022-01-11'),
(985, 141, 'recovered', '2022-01-04'),
(986, 143, 'recovered', '2021-09-28'),
(987, 143, 'died', '2022-12-07'),
(988, 98, 'died', '2020-01-30'),
(989, 107, 'worsened', '2021-01-21'),
(990, 42, 'worsened', '2022-08-28'),
(991, 140, 'worsened', '2022-04-07'),
(992, 120, 'worsened', '2021-07-30'),
(993, 104, 'died', '2021-02-01'),
(994, 46, 'worsened', '2022-11-17'),
(995, 101, 'died', '2021-08-29'),
(996, 76, 'worsened', '2022-07-16'),
(997, 18, 'died', '2022-02-14'),
(998, 134, 'died', '2020-06-04'),
(999, 74, 'worsened', '2020-10-29'),
(1000, 95, 'recovered', '2021-12-05');
